id,week,weight,regime,gender,dosage
B38602,1,236.1,Control,Male,11%
B38602,2,282.6,Control,Male,11%
B38602,3,336,Control,Male,11%
B38602,4,376.8,Control,Male,11%
B38602,5,403.9,Control,Male,11%
B38602,6,414.3,Control,Male,11%
B38602,7,443.3,Control,Male,11%
B38602,8,460.4,Control,Male,11%
B38602,9,473.8,Control,Male,11%
B38602,10,493.8,Control,Male,11%
B38602,11,498.1,Control,Male,11%
B38602,12,492.3,Control,Male,11%
B38602,13,510.8,Control,Male,11%
B38602,14,514.9,Control,Male,11%
B38603,1,230.1,Control,Male,11%
B38603,2,277.2,Control,Male,11%
B38603,3,324.5,Control,Male,11%
B38603,4,356.6,Control,Male,11%
B38603,5,386.6,Control,Male,11%
B38603,6,392.6,Control,Male,11%
B38603,7,420.9,Control,Male,11%
B38603,8,438.5,Control,Male,11%
B38603,9,454.7,Control,Male,11%
B38603,10,468.2,Control,Male,11%
B38603,11,474.6,Control,Male,11%
B38603,12,485.8,Control,Male,11%
B38603,13,495.1,Control,Male,11%
B38603,14,505,Control,Male,11%
B38604,1,230.2,Control,Male,11%
B38604,2,286,Control,Male,11%
B38604,3,337.1,Control,Male,11%
B38604,4,374,Control,Male,11%
B38604,5,410,Control,Male,11%
B38604,6,422.4,Control,Male,11%
B38604,7,456.9,Control,Male,11%
B38604,8,485.3,Control,Male,11%
B38604,9,493.7,Control,Male,11%
B38604,10,515,Control,Male,11%
B38604,11,518.3,Control,Male,11%
B38604,12,528.8,Control,Male,11%
B38604,13,532,Control,Male,11%
B38604,14,545.1,Control,Male,11%
B38605,1,236.4,Control,Male,11%
B38605,2,299.8,Control,Male,11%
B38605,3,358.6,Control,Male,11%
B38605,4,404.4,Control,Male,11%
B38605,5,438,Control,Male,11%
B38605,6,468.8,Control,Male,11%
B38605,7,494.6,Control,Male,11%
B38605,8,510.2,Control,Male,11%
B38605,9,497.4,Control,Male,11%
B38605,10,518.5,Control,Male,11%
B38605,11,570.6,Control,Male,11%
B38605,12,586.8,Control,Male,11%
B38605,13,591.7,Control,Male,11%
B38605,14,596.6,Control,Male,11%
B38606,1,232.3,Control,Male,11%
B38606,2,281.8,Control,Male,11%
B38606,3,309.5,Control,Male,11%
B38606,4,363.3,Control,Male,11%
B38606,5,390.9,Control,Male,11%
B38606,6,405,Control,Male,11%
B38606,7,435.9,Control,Male,11%
B38606,8,452.5,Control,Male,11%
B38606,9,467.4,Control,Male,11%
B38606,10,484.3,Control,Male,11%
B38606,11,498.7,Control,Male,11%
B38606,12,510.3,Control,Male,11%
B38606,13,512.8,Control,Male,11%
B38606,14,516.8,Control,Male,11%
B38607,1,232.4,Control,Male,11%
B38607,2,274.7,Control,Male,11%
B38607,3,329.9,Control,Male,11%
B38607,4,361,Control,Male,11%
B38607,5,385.6,Control,Male,11%
B38607,6,399.5,Control,Male,11%
B38607,7,429.6,Control,Male,11%
B38607,8,447.1,Control,Male,11%
B38607,9,464.6,Control,Male,11%
B38607,10,480.8,Control,Male,11%
B38607,11,496.2,Control,Male,11%
B38607,12,511.9,Control,Male,11%
B38607,13,520.8,Control,Male,11%
B38607,14,518.1,Control,Male,11%
B38608,1,223.1,Control,Male,11%
B38608,2,266.1,Control,Male,11%
B38608,3,318.5,Control,Male,11%
B38608,4,351.5,Control,Male,11%
B38608,5,382.6,Control,Male,11%
B38608,6,388.9,Control,Male,11%
B38608,7,435.8,Control,Male,11%
B38608,8,459.1,Control,Male,11%
B38608,9,485.8,Control,Male,11%
B38608,10,494.9,Control,Male,11%
B38608,11,518.3,Control,Male,11%
B38608,12,524.7,Control,Male,11%
B38608,13,539.5,Control,Male,11%
B38608,14,539,Control,Male,11%
B38609,1,226.5,Control,Male,11%
B38609,2,270.6,Control,Male,11%
B38609,3,313.4,Control,Male,11%
B38609,4,347.6,Control,Male,11%
B38609,5,363.4,Control,Male,11%
B38609,6,381.6,Control,Male,11%
B38609,7,417.4,Control,Male,11%
B38609,8,431.9,Control,Male,11%
B38609,9,444.8,Control,Male,11%
B38609,10,456.5,Control,Male,11%
B38609,11,452.9,Control,Male,11%
B38609,12,449.9,Control,Male,11%
B38609,13,457.4,Control,Male,11%
B38609,14,470.6,Control,Male,11%
B38610,1,226.4,Control,Male,11%
B38610,2,276.3,Control,Male,11%
B38610,3,330.5,Control,Male,11%
B38610,4,364.2,Control,Male,11%
B38610,5,400.7,Control,Male,11%
B38610,6,410.9,Control,Male,11%
B38610,7,441.5,Control,Male,11%
B38610,8,465.2,Control,Male,11%
B38610,9,486.7,Control,Male,11%
B38610,10,510.9,Control,Male,11%
B38610,11,525.5,Control,Male,11%
B38610,12,536.2,Control,Male,11%
B38610,13,546.3,Control,Male,11%
B38610,14,554.8,Control,Male,11%
B38611,1,236,Control,Male,11%
B38611,2,280,Control,Male,11%
B38611,3,322.5,Control,Male,11%
B38611,4,355.4,Control,Male,11%
B38611,5,379.9,Control,Male,11%
B38611,6,383.4,Control,Male,11%
B38611,7,415.6,Control,Male,11%
B38611,8,436,Control,Male,11%
B38611,9,439.6,Control,Male,11%
B38611,10,441.1,Control,Male,11%
B38611,11,448.1,Control,Male,11%
B38611,12,456.7,Control,Male,11%
B38611,13,467.9,Control,Male,11%
B38611,14,476.8,Control,Male,11%
B38612,1,224,Control,Male,11%
B38612,2,276.3,Control,Male,11%
B38612,3,320.4,Control,Male,11%
B38612,4,352.2,Control,Male,11%
B38612,5,381.3,Control,Male,11%
B38612,6,412.1,Control,Male,11%
B38612,7,425.5,Control,Male,11%
B38612,8,456.4,Control,Male,11%
B38612,9,441.2,Control,Male,11%
B38612,10,452,Control,Male,11%
B38612,11,467.4,Control,Male,11%
B38612,12,414.4,Control,Male,11%
B38612,13,516.8,Control,Male,11%
B38612,14,527,Control,Male,11%
B38613,1,206.2,Control,Male,11%
B38613,2,254.4,Control,Male,11%
B38613,3,296.9,Control,Male,11%
B38613,4,328,Control,Male,11%
B38613,5,356.7,Control,Male,11%
B38613,6,386.7,Control,Male,11%
B38613,7,351.3,Control,Male,11%
B38613,8,393.8,Control,Male,11%
B38613,9,409.9,Control,Male,11%
B38613,10,433.8,Control,Male,11%
B38613,11,444.6,Control,Male,11%
B38613,12,454,Control,Male,11%
B38613,13,460.5,Control,Male,11%
B38613,14,468.6,Control,Male,11%
B38614,1,230.9,Control,Male,11%
B38614,2,275.5,Control,Male,11%
B38614,3,324.1,Control,Male,11%
B38614,4,357,Control,Male,11%
B38614,5,375.8,Control,Male,11%
B38614,6,399,Control,Male,11%
B38614,7,425.7,Control,Male,11%
B38614,8,451,Control,Male,11%
B38614,9,457.1,Control,Male,11%
B38614,10,469.7,Control,Male,11%
B38614,11,477.5,Control,Male,11%
B38614,12,488,Control,Male,11%
B38614,13,495.7,Control,Male,11%
B38614,14,505.3,Control,Male,11%
B38615,1,249.9,Control,Male,11%
B38615,2,301.3,Control,Male,11%
B38615,3,353.3,Control,Male,11%
B38615,4,394.4,Control,Male,11%
B38615,5,420.2,Control,Male,11%
B38615,6,453.9,Control,Male,11%
B38615,7,485,Control,Male,11%
B38615,8,504.8,Control,Male,11%
B38615,9,513.6,Control,Male,11%
B38615,10,541.8,Control,Male,11%
B38615,11,549.7,Control,Male,11%
B38615,12,566.2,Control,Male,11%
B38615,13,574.9,Control,Male,11%
B38615,14,545,Control,Male,11%
B38616,1,223,Control,Male,11%
B38616,2,270.6,Control,Male,11%
B38616,3,309.7,Control,Male,11%
B38616,4,345.1,Control,Male,11%
B38616,5,371.3,Control,Male,11%
B38616,6,387.4,Control,Male,11%
B38616,7,407.3,Control,Male,11%
B38616,8,430.9,Control,Male,11%
B38616,9,441.1,Control,Male,11%
B38616,10,456.9,Control,Male,11%
B38616,11,464,Control,Male,11%
B38616,12,462.7,Control,Male,11%
B38616,13,477,Control,Male,11%
B38616,14,473.5,Control,Male,11%
B38617,1,222.7,Control,Male,11%
B38617,2,256.6,Control,Male,11%
B38617,3,293.5,Control,Male,11%
B38617,4,314.8,Control,Male,11%
B38617,5,338.8,Control,Male,11%
B38617,6,359.4,Control,Male,11%
B38617,7,380,Control,Male,11%
B38617,8,400,Control,Male,11%
B38617,9,410.5,Control,Male,11%
B38617,10,421.5,Control,Male,11%
B38617,11,431.6,Control,Male,11%
B38617,12,429.6,Control,Male,11%
B38617,13,443.9,Control,Male,11%
B38617,14,443.6,Control,Male,11%
B38618,1,219,Control,Male,11%
B38618,2,262.1,Control,Male,11%
B38618,3,311.4,Control,Male,11%
B38618,4,345.8,Control,Male,11%
B38618,5,372.9,Control,Male,11%
B38618,6,395.5,Control,Male,11%
B38618,7,414.2,Control,Male,11%
B38618,8,433.5,Control,Male,11%
B38618,9,449.8,Control,Male,11%
B38618,10,464.5,Control,Male,11%
B38618,11,482.2,Control,Male,11%
B38618,12,489.8,Control,Male,11%
B38618,13,507.3,Control,Male,11%
B38618,14,497.7,Control,Male,11%
B38619,1,228.7,Control,Male,11%
B38619,2,287.3,Control,Male,11%
B38619,3,331.2,Control,Male,11%
B38619,4,362.3,Control,Male,11%
B38619,5,383.6,Control,Male,11%
B38619,6,413.1,Control,Male,11%
B38619,7,439.3,Control,Male,11%
B38619,8,469.5,Control,Male,11%
B38619,9,486.2,Control,Male,11%
B38619,10,496,Control,Male,11%
B38619,11,513.5,Control,Male,11%
B38619,12,521.5,Control,Male,11%
B38619,13,533.5,Control,Male,11%
B38619,14,540.3,Control,Male,11%
B38620,1,220.3,Control,Male,11%
B38620,2,261.5,Control,Male,11%
B38620,3,305.4,Control,Male,11%
B38620,4,337.1,Control,Male,11%
B38620,5,361,Control,Male,11%
B38620,6,377.3,Control,Male,11%
B38620,7,403.8,Control,Male,11%
B38620,8,419.7,Control,Male,11%
B38620,9,440.8,Control,Male,11%
B38620,10,449.5,Control,Male,11%
B38620,11,460.7,Control,Male,11%
B38620,12,473.2,Control,Male,11%
B38620,13,488.9,Control,Male,11%
B38620,14,493.1,Control,Male,11%
B38621,1,237.6,Control,Male,11%
B38621,2,278.8,Control,Male,11%
B38621,3,325.2,Control,Male,11%
B38621,4,352.4,Control,Male,11%
B38621,5,372.1,Control,Male,11%
B38621,6,389.3,Control,Male,11%
B38621,7,418.5,Control,Male,11%
B38621,8,455.4,Control,Male,11%
B38621,9,466.2,Control,Male,11%
B38621,10,482.1,Control,Male,11%
B38621,11,489.9,Control,Male,11%
B38621,12,504.9,Control,Male,11%
B38621,13,522.3,Control,Male,11%
B38621,14,524.3,Control,Male,11%
B38642,1,232.4,GMO,Male,11%
B38642,2,278.3,GMO,Male,11%
B38642,3,328.2,GMO,Male,11%
B38642,4,281.8,GMO,Male,11%
B38642,5,296.3,GMO,Male,11%
B38642,6,361.5,GMO,Male,11%
B38642,7,384.3,GMO,Male,11%
B38642,8,456.3,GMO,Male,11%
B38642,9,481.6,GMO,Male,11%
B38642,10,499,GMO,Male,11%
B38642,11,507.2,GMO,Male,11%
B38642,12,514.3,GMO,Male,11%
B38642,13,526,GMO,Male,11%
B38642,14,534.7,GMO,Male,11%
B38643,1,219.4,GMO,Male,11%
B38643,2,265,GMO,Male,11%
B38643,3,310.5,GMO,Male,11%
B38643,4,324.3,GMO,Male,11%
B38643,5,357.2,GMO,Male,11%
B38643,6,366,GMO,Male,11%
B38643,7,388.2,GMO,Male,11%
B38643,8,404.3,GMO,Male,11%
B38643,9,409.5,GMO,Male,11%
B38643,10,418.1,GMO,Male,11%
B38643,11,415.3,GMO,Male,11%
B38643,12,406,GMO,Male,11%
B38643,13,427.3,GMO,Male,11%
B38643,14,426.9,GMO,Male,11%
B38644,1,217.9,GMO,Male,11%
B38644,2,263,GMO,Male,11%
B38644,3,310.2,GMO,Male,11%
B38644,4,340.8,GMO,Male,11%
B38644,5,370.5,GMO,Male,11%
B38644,6,391.4,GMO,Male,11%
B38644,7,425,GMO,Male,11%
B38644,8,440.4,GMO,Male,11%
B38644,9,456,GMO,Male,11%
B38644,10,469.9,GMO,Male,11%
B38644,11,473.1,GMO,Male,11%
B38644,12,474.1,GMO,Male,11%
B38644,13,492.5,GMO,Male,11%
B38644,14,498.9,GMO,Male,11%
B38645,1,201.4,GMO,Male,11%
B38645,2,243.7,GMO,Male,11%
B38645,3,297.6,GMO,Male,11%
B38645,4,329.9,GMO,Male,11%
B38645,5,362,GMO,Male,11%
B38645,6,382.2,GMO,Male,11%
B38645,7,424.4,GMO,Male,11%
B38645,8,448.7,GMO,Male,11%
B38645,9,473.7,GMO,Male,11%
B38645,10,486.5,GMO,Male,11%
B38645,11,508,GMO,Male,11%
B38645,12,508.5,GMO,Male,11%
B38645,13,520.1,GMO,Male,11%
B38645,14,531.6,GMO,Male,11%
B38646,1,214.7,GMO,Male,11%
B38646,2,264.7,GMO,Male,11%
B38646,3,304.3,GMO,Male,11%
B38646,4,335.4,GMO,Male,11%
B38646,5,355.8,GMO,Male,11%
B38646,6,374.6,GMO,Male,11%
B38646,7,390.6,GMO,Male,11%
B38646,8,410.1,GMO,Male,11%
B38646,9,416,GMO,Male,11%
B38646,10,435.2,GMO,Male,11%
B38646,11,444.3,GMO,Male,11%
B38646,12,446.1,GMO,Male,11%
B38646,13,453.6,GMO,Male,11%
B38646,14,465.3,GMO,Male,11%
B38647,1,224.6,GMO,Male,11%
B38647,2,276.7,GMO,Male,11%
B38647,3,309.5,GMO,Male,11%
B38647,4,365.7,GMO,Male,11%
B38647,5,396,GMO,Male,11%
B38647,6,413.4,GMO,Male,11%
B38647,7,445.8,GMO,Male,11%
B38647,8,467,GMO,Male,11%
B38647,9,493.8,GMO,Male,11%
B38647,10,502.9,GMO,Male,11%
B38647,11,506.1,GMO,Male,11%
B38647,12,516.4,GMO,Male,11%
B38647,13,532.2,GMO,Male,11%
B38647,14,536.2,GMO,Male,11%
B38648,1,223.5,GMO,Male,11%
B38648,2,263.8,GMO,Male,11%
B38648,3,285.9,GMO,Male,11%
B38648,4,306.3,GMO,Male,11%
B38648,5,336.3,GMO,Male,11%
B38648,6,351.7,GMO,Male,11%
B38648,7,379.6,GMO,Male,11%
B38648,8,407.2,GMO,Male,11%
B38648,9,422.5,GMO,Male,11%
B38648,10,435.3,GMO,Male,11%
B38648,11,449.2,GMO,Male,11%
B38648,12,446,GMO,Male,11%
B38648,13,468.1,GMO,Male,11%
B38648,14,470.9,GMO,Male,11%
B38649,1,225.7,GMO,Male,11%
B38649,2,273.8,GMO,Male,11%
B38649,3,329,GMO,Male,11%
B38649,4,365.1,GMO,Male,11%
B38649,5,398.4,GMO,Male,11%
B38649,6,423.9,GMO,Male,11%
B38649,7,448.7,GMO,Male,11%
B38649,8,472.8,GMO,Male,11%
B38649,9,486,GMO,Male,11%
B38649,10,508.1,GMO,Male,11%
B38649,11,517.4,GMO,Male,11%
B38649,12,518.5,GMO,Male,11%
B38649,13,537.3,GMO,Male,11%
B38649,14,542.6,GMO,Male,11%
B38650,1,225.2,GMO,Male,11%
B38650,2,273.8,GMO,Male,11%
B38650,3,326.1,GMO,Male,11%
B38650,4,361.6,GMO,Male,11%
B38650,5,389.3,GMO,Male,11%
B38650,6,410.2,GMO,Male,11%
B38650,7,430.7,GMO,Male,11%
B38650,8,455.2,GMO,Male,11%
B38650,9,465.6,GMO,Male,11%
B38650,10,485.4,GMO,Male,11%
B38650,11,490.2,GMO,Male,11%
B38650,12,494.1,GMO,Male,11%
B38650,13,505.8,GMO,Male,11%
B38650,14,504.1,GMO,Male,11%
B38651,1,243.3,GMO,Male,11%
B38651,2,286.7,GMO,Male,11%
B38651,3,324.6,GMO,Male,11%
B38651,4,351.7,GMO,Male,11%
B38651,5,380,GMO,Male,11%
B38651,6,402.3,GMO,Male,11%
B38651,7,429.3,GMO,Male,11%
B38651,8,453.2,GMO,Male,11%
B38651,9,459.4,GMO,Male,11%
B38651,10,482.2,GMO,Male,11%
B38651,11,493.6,GMO,Male,11%
B38651,12,496.2,GMO,Male,11%
B38651,13,508.7,GMO,Male,11%
B38651,14,515.9,GMO,Male,11%
B38652,1,245.9,GMO,Male,11%
B38652,2,287.9,GMO,Male,11%
B38652,3,326.9,GMO,Male,11%
B38652,4,349,GMO,Male,11%
B38652,5,371.7,GMO,Male,11%
B38652,6,396.6,GMO,Male,11%
B38652,7,418.3,GMO,Male,11%
B38652,8,433.1,GMO,Male,11%
B38652,9,443.6,GMO,Male,11%
B38652,10,455.2,GMO,Male,11%
B38652,11,471.5,GMO,Male,11%
B38652,12,473,GMO,Male,11%
B38652,13,484.5,GMO,Male,11%
B38652,14,484.6,GMO,Male,11%
B38653,1,245.5,GMO,Male,11%
B38653,2,293.3,GMO,Male,11%
B38653,3,323.2,GMO,Male,11%
B38653,4,347,GMO,Male,11%
B38653,5,372.1,GMO,Male,11%
B38653,6,397.8,GMO,Male,11%
B38653,7,416.9,GMO,Male,11%
B38653,8,430,GMO,Male,11%
B38653,9,448.4,GMO,Male,11%
B38653,10,455.9,GMO,Male,11%
B38653,11,473.7,GMO,Male,11%
B38653,12,478.5,GMO,Male,11%
B38653,13,496.3,GMO,Male,11%
B38653,14,506.7,GMO,Male,11%
B38654,1,237.8,GMO,Male,11%
B38654,2,289.2,GMO,Male,11%
B38654,3,336.9,GMO,Male,11%
B38654,4,371.5,GMO,Male,11%
B38654,5,402.7,GMO,Male,11%
B38654,6,432.7,GMO,Male,11%
B38654,7,452,GMO,Male,11%
B38654,8,482.8,GMO,Male,11%
B38654,9,491,GMO,Male,11%
B38654,10,507.2,GMO,Male,11%
B38654,11,517.3,GMO,Male,11%
B38654,12,532.1,GMO,Male,11%
B38654,13,548.7,GMO,Male,11%
B38654,14,561.5,GMO,Male,11%
B38655,1,235.7,GMO,Male,11%
B38655,2,276.9,GMO,Male,11%
B38655,3,305.5,GMO,Male,11%
B38655,4,327.8,GMO,Male,11%
B38655,5,349,GMO,Male,11%
B38655,6,372,GMO,Male,11%
B38655,7,391.3,GMO,Male,11%
B38655,8,406.2,GMO,Male,11%
B38655,9,411.6,GMO,Male,11%
B38655,10,426.5,GMO,Male,11%
B38655,11,427.5,GMO,Male,11%
B38655,12,434.7,GMO,Male,11%
B38655,13,446.6,GMO,Male,11%
B38655,14,454.8,GMO,Male,11%
B38656,1,253.5,GMO,Male,11%
B38656,2,303.6,GMO,Male,11%
B38656,3,356.2,GMO,Male,11%
B38656,4,391.1,GMO,Male,11%
B38656,5,431.8,GMO,Male,11%
B38656,6,369.2,GMO,Male,11%
B38656,7,287.4,GMO,Male,11%
B38656,8,413.3,GMO,Male,11%
B38656,9,454.5,GMO,Male,11%
B38656,10,488.9,GMO,Male,11%
B38656,11,533.7,GMO,Male,11%
B38656,12,545.1,GMO,Male,11%
B38656,13,553.4,GMO,Male,11%
B38656,14,566.4,GMO,Male,11%
B38657,1,227.1,GMO,Male,11%
B38657,2,270.9,GMO,Male,11%
B38657,3,305.9,GMO,Male,11%
B38657,4,350.5,GMO,Male,11%
B38657,5,383.3,GMO,Male,11%
B38657,6,419.1,GMO,Male,11%
B38657,7,444.1,GMO,Male,11%
B38657,8,467.1,GMO,Male,11%
B38657,9,476,GMO,Male,11%
B38657,10,497.7,GMO,Male,11%
B38657,11,516.5,GMO,Male,11%
B38657,12,519.9,GMO,Male,11%
B38657,13,535.1,GMO,Male,11%
B38657,14,529.2,GMO,Male,11%
B38658,1,245.5,GMO,Male,11%
B38658,2,287.5,GMO,Male,11%
B38658,3,321.3,GMO,Male,11%
B38658,4,345.7,GMO,Male,11%
B38658,5,363.6,GMO,Male,11%
B38658,6,381.2,GMO,Male,11%
B38658,7,404,GMO,Male,11%
B38658,8,413.3,GMO,Male,11%
B38658,9,419.1,GMO,Male,11%
B38658,10,424,GMO,Male,11%
B38658,11,439,GMO,Male,11%
B38658,12,436.3,GMO,Male,11%
B38658,13,447.2,GMO,Male,11%
B38658,14,452.3,GMO,Male,11%
B38659,1,217.7,GMO,Male,11%
B38659,2,258.7,GMO,Male,11%
B38659,3,292.8,GMO,Male,11%
B38659,4,311,GMO,Male,11%
B38659,5,323.3,GMO,Male,11%
B38659,6,344.4,GMO,Male,11%
B38659,7,371.5,GMO,Male,11%
B38659,8,384.2,GMO,Male,11%
B38659,9,395.7,GMO,Male,11%
B38659,10,405.7,GMO,Male,11%
B38659,11,401.6,GMO,Male,11%
B38659,12,398.1,GMO,Male,11%
B38659,13,407.8,GMO,Male,11%
B38659,14,407.2,GMO,Male,11%
B38660,1,223,GMO,Male,11%
B38660,2,262.9,GMO,Male,11%
B38660,3,300.2,GMO,Male,11%
B38660,4,329.7,GMO,Male,11%
B38660,5,343.8,GMO,Male,11%
B38660,6,370.3,GMO,Male,11%
B38660,7,388.1,GMO,Male,11%
B38660,8,400.8,GMO,Male,11%
B38660,9,415.1,GMO,Male,11%
B38660,10,425.8,GMO,Male,11%
B38660,11,432.9,GMO,Male,11%
B38660,12,431.9,GMO,Male,11%
B38660,13,442.8,GMO,Male,11%
B38660,14,452,GMO,Male,11%
B38661,1,217.1,GMO,Male,11%
B38661,2,260.7,GMO,Male,11%
B38661,3,303.9,GMO,Male,11%
B38661,4,330.7,GMO,Male,11%
B38661,5,349,GMO,Male,11%
B38661,6,371.5,GMO,Male,11%
B38661,7,389.3,GMO,Male,11%
B38661,8,409.7,GMO,Male,11%
B38661,9,417.1,GMO,Male,11%
B38661,10,432.9,GMO,Male,11%
B38661,11,445.4,GMO,Male,11%
B38661,12,459.1,GMO,Male,11%
B38661,13,469.8,GMO,Male,11%
B38661,14,474.7,GMO,Male,11%
B38622,1,231.1,Control,Male,33%
B38622,2,272.1,Control,Male,33%
B38622,3,311.5,Control,Male,33%
B38622,4,342,Control,Male,33%
B38622,5,368,Control,Male,33%
B38622,6,383,Control,Male,33%
B38622,7,404.6,Control,Male,33%
B38622,8,417.4,Control,Male,33%
B38622,9,424.7,Control,Male,33%
B38622,10,435,Control,Male,33%
B38622,11,437.5,Control,Male,33%
B38622,12,452.8,Control,Male,33%
B38622,13,468,Control,Male,33%
B38622,14,467.4,Control,Male,33%
B38623,1,222,Control,Male,33%
B38623,2,267.5,Control,Male,33%
B38623,3,317.3,Control,Male,33%
B38623,4,345.6,Control,Male,33%
B38623,5,378.8,Control,Male,33%
B38623,6,401.7,Control,Male,33%
B38623,7,434.2,Control,Male,33%
B38623,8,457.2,Control,Male,33%
B38623,9,470.6,Control,Male,33%
B38623,10,495.3,Control,Male,33%
B38623,11,501.7,Control,Male,33%
B38623,12,501.1,Control,Male,33%
B38623,13,514.1,Control,Male,33%
B38623,14,519.4,Control,Male,33%
B38624,1,233.2,Control,Male,33%
B38624,2,286.1,Control,Male,33%
B38624,3,325,Control,Male,33%
B38624,4,345.8,Control,Male,33%
B38624,5,368.2,Control,Male,33%
B38624,6,378.9,Control,Male,33%
B38624,7,403.3,Control,Male,33%
B38624,8,416.1,Control,Male,33%
B38624,9,417.3,Control,Male,33%
B38624,10,437.4,Control,Male,33%
B38624,11,444,Control,Male,33%
B38624,12,449.4,Control,Male,33%
B38624,13,458.1,Control,Male,33%
B38624,14,463.6,Control,Male,33%
B38625,1,219.8,Control,Male,33%
B38625,2,268,Control,Male,33%
B38625,3,320.9,Control,Male,33%
B38625,4,358.6,Control,Male,33%
B38625,5,386.4,Control,Male,33%
B38625,6,418.8,Control,Male,33%
B38625,7,442.5,Control,Male,33%
B38625,8,472.5,Control,Male,33%
B38625,9,484,Control,Male,33%
B38625,10,508.4,Control,Male,33%
B38625,11,521.7,Control,Male,33%
B38625,12,520.5,Control,Male,33%
B38625,13,530.5,Control,Male,33%
B38625,14,530.8,Control,Male,33%
B38626,1,204.8,Control,Male,33%
B38626,2,245.4,Control,Male,33%
B38626,3,288.1,Control,Male,33%
B38626,4,317.9,Control,Male,33%
B38626,5,345.4,Control,Male,33%
B38626,6,353.3,Control,Male,33%
B38626,7,370.6,Control,Male,33%
B38626,8,395.3,Control,Male,33%
B38626,9,404,Control,Male,33%
B38626,10,419.8,Control,Male,33%
B38626,11,428.7,Control,Male,33%
B38626,12,433.4,Control,Male,33%
B38626,13,454.3,Control,Male,33%
B38626,14,456.3,Control,Male,33%
B38627,1,217.8,Control,Male,33%
B38627,2,265.5,Control,Male,33%
B38627,3,304.6,Control,Male,33%
B38627,4,328.4,Control,Male,33%
B38627,5,348.1,Control,Male,33%
B38627,6,360.5,Control,Male,33%
B38627,7,387.6,Control,Male,33%
B38627,8,404.3,Control,Male,33%
B38627,9,396.1,Control,Male,33%
B38627,10,399.4,Control,Male,33%
B38627,11,435.9,Control,Male,33%
B38627,12,454.8,Control,Male,33%
B38627,13,482.7,Control,Male,33%
B38627,14,485.4,Control,Male,33%
B38628,1,222,Control,Male,33%
B38628,2,256.1,Control,Male,33%
B38628,3,289.2,Control,Male,33%
B38628,4,320.6,Control,Male,33%
B38628,5,345.8,Control,Male,33%
B38628,6,368.8,Control,Male,33%
B38628,7,402.5,Control,Male,33%
B38628,8,434,Control,Male,33%
B38628,9,443.8,Control,Male,33%
B38628,10,459.2,Control,Male,33%
B38628,11,474.3,Control,Male,33%
B38628,12,486.2,Control,Male,33%
B38628,13,500.7,Control,Male,33%
B38628,14,506.1,Control,Male,33%
B38629,1,242.4,Control,Male,33%
B38629,2,300.4,Control,Male,33%
B38629,3,359.6,Control,Male,33%
B38629,4,405.7,Control,Male,33%
B38629,5,441.1,Control,Male,33%
B38629,6,468,Control,Male,33%
B38629,7,504.2,Control,Male,33%
B38629,8,530.1,Control,Male,33%
B38629,9,543.5,Control,Male,33%
B38629,10,568.3,Control,Male,33%
B38629,11,580.6,Control,Male,33%
B38629,12,593.6,Control,Male,33%
B38629,13,609,Control,Male,33%
B38629,14,608,Control,Male,33%
B38630,1,206,Control,Male,33%
B38630,2,257.9,Control,Male,33%
B38630,3,304.1,Control,Male,33%
B38630,4,344.5,Control,Male,33%
B38630,5,373.6,Control,Male,33%
B38630,6,392.2,Control,Male,33%
B38630,7,421.9,Control,Male,33%
B38630,8,451.7,Control,Male,33%
B38630,9,465,Control,Male,33%
B38630,10,494.1,Control,Male,33%
B38630,11,500.8,Control,Male,33%
B38630,12,513,Control,Male,33%
B38630,13,527.4,Control,Male,33%
B38630,14,537.4,Control,Male,33%
B38631,1,234.9,Control,Male,33%
B38631,2,280.3,Control,Male,33%
B38631,3,325.6,Control,Male,33%
B38631,4,351.1,Control,Male,33%
B38631,5,385.2,Control,Male,33%
B38631,6,394.1,Control,Male,33%
B38631,7,423,Control,Male,33%
B38631,8,441.9,Control,Male,33%
B38631,9,455.6,Control,Male,33%
B38631,10,470.3,Control,Male,33%
B38631,11,474.6,Control,Male,33%
B38631,12,481.6,Control,Male,33%
B38631,13,487.3,Control,Male,33%
B38631,14,498.7,Control,Male,33%
B38632,1,219.7,Control,Male,33%
B38632,2,267.6,Control,Male,33%
B38632,3,314.9,Control,Male,33%
B38632,4,348.3,Control,Male,33%
B38632,5,366.6,Control,Male,33%
B38632,6,388.9,Control,Male,33%
B38632,7,417.5,Control,Male,33%
B38632,8,441.8,Control,Male,33%
B38632,9,458,Control,Male,33%
B38632,10,473.3,Control,Male,33%
B38632,11,488.8,Control,Male,33%
B38632,12,495.1,Control,Male,33%
B38632,13,507,Control,Male,33%
B38632,14,518.8,Control,Male,33%
B38633,1,230.7,Control,Male,33%
B38633,2,274.6,Control,Male,33%
B38633,3,316.6,Control,Male,33%
B38633,4,344.3,Control,Male,33%
B38633,5,361.8,Control,Male,33%
B38633,6,385.7,Control,Male,33%
B38633,7,406.3,Control,Male,33%
B38633,8,427.9,Control,Male,33%
B38633,9,429.5,Control,Male,33%
B38633,10,436.5,Control,Male,33%
B38633,11,435.9,Control,Male,33%
B38633,12,439.3,Control,Male,33%
B38633,13,461.2,Control,Male,33%
B38633,14,456.4,Control,Male,33%
B38634,1,244.7,Control,Male,33%
B38634,2,295.8,Control,Male,33%
B38634,3,347.8,Control,Male,33%
B38634,4,381.8,Control,Male,33%
B38634,5,410.4,Control,Male,33%
B38634,6,440.4,Control,Male,33%
B38634,7,464.6,Control,Male,33%
B38634,8,494,Control,Male,33%
B38634,9,508.8,Control,Male,33%
B38634,10,527.7,Control,Male,33%
B38634,11,534.4,Control,Male,33%
B38634,12,545.1,Control,Male,33%
B38634,13,556,Control,Male,33%
B38634,14,567.7,Control,Male,33%
B38635,1,239.2,Control,Male,33%
B38635,2,287.9,Control,Male,33%
B38635,3,332.2,Control,Male,33%
B38635,4,358.8,Control,Male,33%
B38635,5,390,Control,Male,33%
B38635,6,405.6,Control,Male,33%
B38635,7,431,Control,Male,33%
B38635,8,451.3,Control,Male,33%
B38635,9,465.5,Control,Male,33%
B38635,10,475.4,Control,Male,33%
B38635,11,480.2,Control,Male,33%
B38635,12,485.3,Control,Male,33%
B38635,13,494.3,Control,Male,33%
B38635,14,501.8,Control,Male,33%
B38636,1,228.5,Control,Male,33%
B38636,2,277.9,Control,Male,33%
B38636,3,328,Control,Male,33%
B38636,4,358.9,Control,Male,33%
B38636,5,386.6,Control,Male,33%
B38636,6,423.7,Control,Male,33%
B38636,7,448.3,Control,Male,33%
B38636,8,464.7,Control,Male,33%
B38636,9,482.9,Control,Male,33%
B38636,10,505.7,Control,Male,33%
B38636,11,508.1,Control,Male,33%
B38636,12,515.3,Control,Male,33%
B38636,13,532.6,Control,Male,33%
B38636,14,540.9,Control,Male,33%
B38637,1,225.3,Control,Male,33%
B38637,2,275.8,Control,Male,33%
B38637,3,343.7,Control,Male,33%
B38637,4,390.9,Control,Male,33%
B38637,5,428.2,Control,Male,33%
B38637,6,462.6,Control,Male,33%
B38637,7,496.7,Control,Male,33%
B38637,8,522.5,Control,Male,33%
B38637,9,532.7,Control,Male,33%
B38637,10,559.9,Control,Male,33%
B38637,11,558.8,Control,Male,33%
B38637,12,571.3,Control,Male,33%
B38637,13,592,Control,Male,33%
B38637,14,587.8,Control,Male,33%
B38638,1,249.5,Control,Male,33%
B38638,2,296,Control,Male,33%
B38638,3,342.3,Control,Male,33%
B38638,4,370.3,Control,Male,33%
B38638,5,395,Control,Male,33%
B38638,6,419,Control,Male,33%
B38638,7,444.3,Control,Male,33%
B38638,8,462.7,Control,Male,33%
B38638,9,478.4,Control,Male,33%
B38638,10,502.2,Control,Male,33%
B38638,11,512.8,Control,Male,33%
B38638,12,525.1,Control,Male,33%
B38638,13,533.2,Control,Male,33%
B38638,14,520.9,Control,Male,33%
B38639,1,239.5,Control,Male,33%
B38639,2,298,Control,Male,33%
B38639,3,349.1,Control,Male,33%
B38639,4,381.5,Control,Male,33%
B38639,5,422.8,Control,Male,33%
B38639,6,433.7,Control,Male,33%
B38639,7,478.3,Control,Male,33%
B38639,8,495.9,Control,Male,33%
B38639,9,526.3,Control,Male,33%
B38639,10,554,Control,Male,33%
B38639,11,566.9,Control,Male,33%
B38639,12,575.5,Control,Male,33%
B38639,13,585.2,Control,Male,33%
B38639,14,591.1,Control,Male,33%
B38640,1,228.7,Control,Male,33%
B38640,2,277.3,Control,Male,33%
B38640,3,313.1,Control,Male,33%
B38640,4,331.7,Control,Male,33%
B38640,5,350,Control,Male,33%
B38640,6,368.3,Control,Male,33%
B38640,7,388.2,Control,Male,33%
B38640,8,391.6,Control,Male,33%
B38640,9,401.8,Control,Male,33%
B38640,10,390.6,Control,Male,33%
B38641,1,216.4,Control,Male,33%
B38641,2,246.2,Control,Male,33%
B38641,3,272.4,Control,Male,33%
B38641,4,293.7,Control,Male,33%
B38641,5,307.2,Control,Male,33%
B38641,6,327.3,Control,Male,33%
B38641,7,342.3,Control,Male,33%
B38641,8,365.4,Control,Male,33%
B38641,9,376,Control,Male,33%
B38641,10,399.2,Control,Male,33%
B38641,11,400,Control,Male,33%
B38641,12,405,Control,Male,33%
B38641,13,414.5,Control,Male,33%
B38641,14,420,Control,Male,33%
B38662,1,230.5,GMO,Male,33%
B38662,2,278.9,GMO,Male,33%
B38662,3,316.4,GMO,Male,33%
B38662,4,349.3,GMO,Male,33%
B38662,5,378.4,GMO,Male,33%
B38662,6,402.3,GMO,Male,33%
B38662,7,425.5,GMO,Male,33%
B38662,8,440.3,GMO,Male,33%
B38662,9,459.2,GMO,Male,33%
B38662,10,471.4,GMO,Male,33%
B38662,11,490,GMO,Male,33%
B38662,12,491,GMO,Male,33%
B38662,13,504.8,GMO,Male,33%
B38662,14,503.4,GMO,Male,33%
B38663,1,226.1,GMO,Male,33%
B38663,2,280.3,GMO,Male,33%
B38663,3,322.8,GMO,Male,33%
B38663,4,359.3,GMO,Male,33%
B38663,5,389.8,GMO,Male,33%
B38663,6,411.8,GMO,Male,33%
B38663,7,438.8,GMO,Male,33%
B38663,8,445.8,GMO,Male,33%
B38663,9,458.5,GMO,Male,33%
B38663,10,470.1,GMO,Male,33%
B38663,11,486.4,GMO,Male,33%
B38663,12,489.5,GMO,Male,33%
B38663,13,503.5,GMO,Male,33%
B38663,14,507.1,GMO,Male,33%
B38664,1,208.3,GMO,Male,33%
B38664,2,247.2,GMO,Male,33%
B38664,3,290.4,GMO,Male,33%
B38664,4,320,GMO,Male,33%
B38664,5,338.6,GMO,Male,33%
B38664,6,368.7,GMO,Male,33%
B38664,7,396.6,GMO,Male,33%
B38664,8,408,GMO,Male,33%
B38664,9,430.3,GMO,Male,33%
B38664,10,440.6,GMO,Male,33%
B38664,11,454.6,GMO,Male,33%
B38664,12,458.9,GMO,Male,33%
B38664,13,476.6,GMO,Male,33%
B38664,14,477.8,GMO,Male,33%
B38665,1,214.6,GMO,Male,33%
B38665,2,255.8,GMO,Male,33%
B38665,3,294.2,GMO,Male,33%
B38665,4,320.3,GMO,Male,33%
B38665,5,332.3,GMO,Male,33%
B38665,6,368.9,GMO,Male,33%
B38665,7,387.4,GMO,Male,33%
B38665,8,404.2,GMO,Male,33%
B38665,9,425.7,GMO,Male,33%
B38665,10,439.2,GMO,Male,33%
B38665,11,452.9,GMO,Male,33%
B38665,12,457.8,GMO,Male,33%
B38665,13,468.3,GMO,Male,33%
B38665,14,476.8,GMO,Male,33%
B38666,1,232.2,GMO,Male,33%
B38666,2,284.1,GMO,Male,33%
B38666,3,335.5,GMO,Male,33%
B38666,4,368.4,GMO,Male,33%
B38666,5,407.4,GMO,Male,33%
B38666,6,437.8,GMO,Male,33%
B38666,7,466.2,GMO,Male,33%
B38666,8,499.5,GMO,Male,33%
B38666,9,512.1,GMO,Male,33%
B38666,10,532.4,GMO,Male,33%
B38666,11,555.3,GMO,Male,33%
B38666,12,566.7,GMO,Male,33%
B38666,13,599.3,GMO,Male,33%
B38666,14,591.4,GMO,Male,33%
B38667,1,248.4,GMO,Male,33%
B38667,2,307.3,GMO,Male,33%
B38667,3,354.2,GMO,Male,33%
B38667,4,415.8,GMO,Male,33%
B38667,5,447.1,GMO,Male,33%
B38667,6,487.5,GMO,Male,33%
B38667,7,523.7,GMO,Male,33%
B38667,8,556.4,GMO,Male,33%
B38667,9,589.3,GMO,Male,33%
B38667,10,607,GMO,Male,33%
B38667,11,620.4,GMO,Male,33%
B38667,12,629.2,GMO,Male,33%
B38667,13,649.9,GMO,Male,33%
B38668,1,198.4,GMO,Male,33%
B38668,2,231.4,GMO,Male,33%
B38668,3,267.5,GMO,Male,33%
B38668,4,299,GMO,Male,33%
B38668,5,353.1,GMO,Male,33%
B38668,6,355.5,GMO,Male,33%
B38668,7,370.9,GMO,Male,33%
B38668,8,389.6,GMO,Male,33%
B38668,9,404.7,GMO,Male,33%
B38668,10,409.4,GMO,Male,33%
B38668,11,428.9,GMO,Male,33%
B38668,12,436.2,GMO,Male,33%
B38668,13,452.8,GMO,Male,33%
B38668,14,459.3,GMO,Male,33%
B38669,1,226.7,GMO,Male,33%
B38669,2,269.7,GMO,Male,33%
B38669,3,297.3,GMO,Male,33%
B38669,4,335.9,GMO,Male,33%
B38669,5,350,GMO,Male,33%
B38669,6,380.2,GMO,Male,33%
B38669,7,404.9,GMO,Male,33%
B38669,8,410.6,GMO,Male,33%
B38669,9,428.9,GMO,Male,33%
B38669,10,445.1,GMO,Male,33%
B38669,11,452.9,GMO,Male,33%
B38669,12,454.2,GMO,Male,33%
B38669,13,468.1,GMO,Male,33%
B38669,14,468.8,GMO,Male,33%
B38670,1,220.2,GMO,Male,33%
B38670,2,267.3,GMO,Male,33%
B38670,3,309.2,GMO,Male,33%
B38670,4,341.5,GMO,Male,33%
B38670,5,331.3,GMO,Male,33%
B38670,6,393.2,GMO,Male,33%
B38670,7,413.5,GMO,Male,33%
B38670,8,433.5,GMO,Male,33%
B38670,9,468,GMO,Male,33%
B38670,10,480.9,GMO,Male,33%
B38670,11,489.2,GMO,Male,33%
B38670,12,496.2,GMO,Male,33%
B38670,13,516.9,GMO,Male,33%
B38670,14,525.2,GMO,Male,33%
B38671,1,242.5,GMO,Male,33%
B38671,2,287.1,GMO,Male,33%
B38671,3,331.2,GMO,Male,33%
B38671,4,369.6,GMO,Male,33%
B38671,5,401,GMO,Male,33%
B38671,6,418.8,GMO,Male,33%
B38671,7,438.3,GMO,Male,33%
B38671,8,458.1,GMO,Male,33%
B38671,9,479.4,GMO,Male,33%
B38671,10,494.1,GMO,Male,33%
B38671,11,504.8,GMO,Male,33%
B38671,12,513.3,GMO,Male,33%
B38671,13,529.6,GMO,Male,33%
B38671,14,531,GMO,Male,33%
B38672,1,212.2,GMO,Male,33%
B38672,2,255.9,GMO,Male,33%
B38672,3,282,GMO,Male,33%
B38672,4,309.1,GMO,Male,33%
B38672,5,346.7,GMO,Male,33%
B38672,6,355.4,GMO,Male,33%
B38672,7,373.5,GMO,Male,33%
B38672,8,389.7,GMO,Male,33%
B38672,9,408,GMO,Male,33%
B38672,10,427.3,GMO,Male,33%
B38672,11,439.7,GMO,Male,33%
B38672,12,445.1,GMO,Male,33%
B38672,13,455.5,GMO,Male,33%
B38672,14,466.6,GMO,Male,33%
B38673,1,214.2,GMO,Male,33%
B38673,2,255.3,GMO,Male,33%
B38673,3,291.1,GMO,Male,33%
B38673,4,320.1,GMO,Male,33%
B38673,5,359.6,GMO,Male,33%
B38673,6,363.7,GMO,Male,33%
B38673,7,379.1,GMO,Male,33%
B38673,8,393.8,GMO,Male,33%
B38673,9,408.9,GMO,Male,33%
B38673,10,418.4,GMO,Male,33%
B38673,11,432.3,GMO,Male,33%
B38673,12,445.8,GMO,Male,33%
B38673,13,460.2,GMO,Male,33%
B38673,14,473.7,GMO,Male,33%
B38674,1,242.8,GMO,Male,33%
B38674,2,286.4,GMO,Male,33%
B38674,3,329.5,GMO,Male,33%
B38674,4,365.6,GMO,Male,33%
B38674,5,393.6,GMO,Male,33%
B38674,6,422.2,GMO,Male,33%
B38674,7,447.6,GMO,Male,33%
B38674,8,466,GMO,Male,33%
B38674,9,479.7,GMO,Male,33%
B38674,10,494,GMO,Male,33%
B38674,11,506.8,GMO,Male,33%
B38674,12,507.7,GMO,Male,33%
B38674,13,521.6,GMO,Male,33%
B38674,14,522.4,GMO,Male,33%
B38675,1,228.8,GMO,Male,33%
B38675,2,273.8,GMO,Male,33%
B38675,3,315.5,GMO,Male,33%
B38675,4,337.7,GMO,Male,33%
B38675,5,370.4,GMO,Male,33%
B38675,6,388.6,GMO,Male,33%
B38675,7,416.3,GMO,Male,33%
B38675,8,425.6,GMO,Male,33%
B38675,9,440.4,GMO,Male,33%
B38675,10,460.4,GMO,Male,33%
B38675,11,473.4,GMO,Male,33%
B38675,12,474.4,GMO,Male,33%
B38675,13,491.3,GMO,Male,33%
B38675,14,493,GMO,Male,33%
B38676,1,219.5,GMO,Male,33%
B38676,2,262.1,GMO,Male,33%
B38676,3,305.6,GMO,Male,33%
B38676,4,335.6,GMO,Male,33%
B38676,5,359,GMO,Male,33%
B38676,6,384.8,GMO,Male,33%
B38676,7,405.2,GMO,Male,33%
B38676,8,418.7,GMO,Male,33%
B38676,9,431.1,GMO,Male,33%
B38676,10,444.8,GMO,Male,33%
B38676,11,449,GMO,Male,33%
B38676,12,459.6,GMO,Male,33%
B38676,13,464.4,GMO,Male,33%
B38676,14,468.5,GMO,Male,33%
B38677,1,247.5,GMO,Male,33%
B38677,2,300.9,GMO,Male,33%
B38677,3,350.1,GMO,Male,33%
B38677,4,390.9,GMO,Male,33%
B38677,5,427.4,GMO,Male,33%
B38677,6,454.7,GMO,Male,33%
B38677,7,479.2,GMO,Male,33%
B38677,8,496.3,GMO,Male,33%
B38677,9,513.4,GMO,Male,33%
B38677,10,518,GMO,Male,33%
B38677,11,527.8,GMO,Male,33%
B38677,12,536.4,GMO,Male,33%
B38677,13,545.2,GMO,Male,33%
B38677,14,558.3,GMO,Male,33%
B38678,1,228.6,GMO,Male,33%
B38678,2,260.1,GMO,Male,33%
B38678,3,288.7,GMO,Male,33%
B38678,4,310.8,GMO,Male,33%
B38678,5,335,GMO,Male,33%
B38678,6,356.2,GMO,Male,33%
B38678,7,376,GMO,Male,33%
B38678,8,381.6,GMO,Male,33%
B38678,9,400.1,GMO,Male,33%
B38678,10,412,GMO,Male,33%
B38678,11,418.2,GMO,Male,33%
B38678,12,422.3,GMO,Male,33%
B38678,13,433.7,GMO,Male,33%
B38678,14,439.5,GMO,Male,33%
B38679,1,250.3,GMO,Male,33%
B38679,2,299.3,GMO,Male,33%
B38679,3,344.4,GMO,Male,33%
B38679,4,377.4,GMO,Male,33%
B38679,5,403.7,GMO,Male,33%
B38679,6,434.1,GMO,Male,33%
B38679,7,459.5,GMO,Male,33%
B38679,8,486.8,GMO,Male,33%
B38679,9,502.8,GMO,Male,33%
B38679,10,530.2,GMO,Male,33%
B38679,11,542.6,GMO,Male,33%
B38679,12,546.6,GMO,Male,33%
B38679,13,563.9,GMO,Male,33%
B38679,14,575.9,GMO,Male,33%
B38680,1,219.6,GMO,Male,33%
B38680,2,263.1,GMO,Male,33%
B38680,3,299,GMO,Male,33%
B38680,4,327.8,GMO,Male,33%
B38680,5,357.2,GMO,Male,33%
B38680,6,383.6,GMO,Male,33%
B38680,7,398.3,GMO,Male,33%
B38680,8,416,GMO,Male,33%
B38680,9,427.2,GMO,Male,33%
B38680,10,444,GMO,Male,33%
B38680,11,459.2,GMO,Male,33%
B38680,12,459.5,GMO,Male,33%
B38680,13,475.1,GMO,Male,33%
B38680,14,480.8,GMO,Male,33%
B38681,1,227.8,GMO,Male,33%
B38681,2,272.7,GMO,Male,33%
B38681,3,315.8,GMO,Male,33%
B38681,4,353.6,GMO,Male,33%
B38681,5,371.5,GMO,Male,33%
B38681,6,412.8,GMO,Male,33%
B38681,7,432.6,GMO,Male,33%
B38681,8,445.4,GMO,Male,33%
B38681,9,466.7,GMO,Male,33%
B38681,10,476.5,GMO,Male,33%
B38681,11,484.9,GMO,Male,33%
B38681,12,496.1,GMO,Male,33%
B38681,13,512.7,GMO,Male,33%
B38681,14,514.7,GMO,Male,33%
B38802,1,158.7,Control,Female,11%
B38802,2,184.2,Control,Female,11%
B38802,3,215,Control,Female,11%
B38802,4,230.6,Control,Female,11%
B38802,5,239.4,Control,Female,11%
B38802,6,250.6,Control,Female,11%
B38802,7,271,Control,Female,11%
B38802,8,279.4,Control,Female,11%
B38802,9,282.4,Control,Female,11%
B38802,10,296.1,Control,Female,11%
B38802,11,301.9,Control,Female,11%
B38802,12,299.3,Control,Female,11%
B38802,13,301.6,Control,Female,11%
B38802,14,311.3,Control,Female,11%
B38803,1,170.6,Control,Female,11%
B38803,2,182.3,Control,Female,11%
B38803,3,213.1,Control,Female,11%
B38803,4,216.5,Control,Female,11%
B38803,5,235.3,Control,Female,11%
B38803,6,239.4,Control,Female,11%
B38803,7,242.3,Control,Female,11%
B38803,8,262.2,Control,Female,11%
B38803,9,264.3,Control,Female,11%
B38803,10,261.9,Control,Female,11%
B38803,11,261.9,Control,Female,11%
B38803,12,269,Control,Female,11%
B38803,13,280.7,Control,Female,11%
B38803,14,278.2,Control,Female,11%
B38804,1,149.4,Control,Female,11%
B38804,2,170.8,Control,Female,11%
B38804,3,193.5,Control,Female,11%
B38804,4,211.9,Control,Female,11%
B38804,5,228.2,Control,Female,11%
B38804,6,230.6,Control,Female,11%
B38804,7,239.2,Control,Female,11%
B38804,8,255.9,Control,Female,11%
B38804,9,262.8,Control,Female,11%
B38804,10,267.5,Control,Female,11%
B38804,11,265,Control,Female,11%
B38804,12,274.1,Control,Female,11%
B38804,13,274.4,Control,Female,11%
B38804,14,275.5,Control,Female,11%
B38805,1,164.8,Control,Female,11%
B38805,2,181.7,Control,Female,11%
B38805,3,205,Control,Female,11%
B38805,4,217.1,Control,Female,11%
B38805,5,232.7,Control,Female,11%
B38805,6,243.8,Control,Female,11%
B38805,7,255.3,Control,Female,11%
B38805,8,264.2,Control,Female,11%
B38805,9,270.6,Control,Female,11%
B38805,10,284.8,Control,Female,11%
B38805,11,280.8,Control,Female,11%
B38805,12,278.1,Control,Female,11%
B38805,13,288.3,Control,Female,11%
B38805,14,292.6,Control,Female,11%
B38806,1,162.6,Control,Female,11%
B38806,2,188,Control,Female,11%
B38806,3,203.8,Control,Female,11%
B38806,4,212.4,Control,Female,11%
B38806,5,219.1,Control,Female,11%
B38806,6,229.9,Control,Female,11%
B38806,7,241.4,Control,Female,11%
B38806,8,244.1,Control,Female,11%
B38806,9,253.3,Control,Female,11%
B38806,10,252.5,Control,Female,11%
B38806,11,256.8,Control,Female,11%
B38806,12,251.2,Control,Female,11%
B38806,13,265.5,Control,Female,11%
B38806,14,260.6,Control,Female,11%
B38807,1,141.6,Control,Female,11%
B38807,2,148.6,Control,Female,11%
B38807,3,175.5,Control,Female,11%
B38807,4,190.4,Control,Female,11%
B38807,5,202.5,Control,Female,11%
B38807,6,218.3,Control,Female,11%
B38807,7,223.9,Control,Female,11%
B38807,8,247.6,Control,Female,11%
B38807,9,245.9,Control,Female,11%
B38807,10,258.3,Control,Female,11%
B38807,11,261.4,Control,Female,11%
B38807,12,264.6,Control,Female,11%
B38807,13,269.2,Control,Female,11%
B38807,14,269.9,Control,Female,11%
B38808,1,141.4,Control,Female,11%
B38808,2,155,Control,Female,11%
B38808,3,179.6,Control,Female,11%
B38808,4,197.9,Control,Female,11%
B38808,5,207.6,Control,Female,11%
B38808,6,225.4,Control,Female,11%
B38808,7,248,Control,Female,11%
B38808,8,242.2,Control,Female,11%
B38808,9,240.2,Control,Female,11%
B38808,10,234.4,Control,Female,11%
B38808,11,245.4,Control,Female,11%
B38808,12,256.5,Control,Female,11%
B38808,13,286.1,Control,Female,11%
B38808,14,261.4,Control,Female,11%
B38809,1,163.7,Control,Female,11%
B38809,2,191.2,Control,Female,11%
B38809,3,217,Control,Female,11%
B38809,4,233.8,Control,Female,11%
B38809,5,237.6,Control,Female,11%
B38809,6,251.3,Control,Female,11%
B38809,7,262.2,Control,Female,11%
B38809,8,270.1,Control,Female,11%
B38809,9,268.7,Control,Female,11%
B38809,10,282,Control,Female,11%
B38809,11,289.5,Control,Female,11%
B38809,12,287.6,Control,Female,11%
B38809,13,288.5,Control,Female,11%
B38809,14,297.3,Control,Female,11%
B38810,1,169.1,Control,Female,11%
B38810,2,195.7,Control,Female,11%
B38810,3,214.8,Control,Female,11%
B38810,4,244.3,Control,Female,11%
B38810,5,257.2,Control,Female,11%
B38810,6,256.7,Control,Female,11%
B38810,7,284.8,Control,Female,11%
B38810,8,293.3,Control,Female,11%
B38810,9,301.8,Control,Female,11%
B38810,10,309.6,Control,Female,11%
B38810,11,323.6,Control,Female,11%
B38810,12,318.7,Control,Female,11%
B38810,13,327.1,Control,Female,11%
B38810,14,332.4,Control,Female,11%
B38811,1,172.8,Control,Female,11%
B38811,2,192.3,Control,Female,11%
B38811,3,208.8,Control,Female,11%
B38811,4,228.3,Control,Female,11%
B38811,5,232.6,Control,Female,11%
B38811,6,238.4,Control,Female,11%
B38811,7,253.6,Control,Female,11%
B38811,8,265.2,Control,Female,11%
B38811,9,264.1,Control,Female,11%
B38811,10,263.9,Control,Female,11%
B38811,11,269.8,Control,Female,11%
B38811,12,276,Control,Female,11%
B38811,13,278.7,Control,Female,11%
B38811,14,278.2,Control,Female,11%
B38812,1,168.9,Control,Female,11%
B38812,2,187.6,Control,Female,11%
B38812,3,198.5,Control,Female,11%
B38812,4,225.6,Control,Female,11%
B38812,5,230.9,Control,Female,11%
B38812,6,243,Control,Female,11%
B38812,7,239.5,Control,Female,11%
B38812,8,259,Control,Female,11%
B38812,9,265,Control,Female,11%
B38812,10,271.8,Control,Female,11%
B38812,11,267.2,Control,Female,11%
B38812,12,276.4,Control,Female,11%
B38812,13,286.8,Control,Female,11%
B38812,14,284.7,Control,Female,11%
B38813,1,163.1,Control,Female,11%
B38813,2,177.1,Control,Female,11%
B38813,3,196,Control,Female,11%
B38813,4,198.2,Control,Female,11%
B38813,5,210.2,Control,Female,11%
B38813,6,222.5,Control,Female,11%
B38813,7,237.6,Control,Female,11%
B38813,8,235.8,Control,Female,11%
B38813,9,247.8,Control,Female,11%
B38813,10,253.8,Control,Female,11%
B38813,11,254.9,Control,Female,11%
B38813,12,249.7,Control,Female,11%
B38813,13,259.4,Control,Female,11%
B38813,14,263.9,Control,Female,11%
B38814,1,172.8,Control,Female,11%
B38814,2,185.8,Control,Female,11%
B38814,3,208.5,Control,Female,11%
B38814,4,217.8,Control,Female,11%
B38814,5,223.2,Control,Female,11%
B38814,6,224.7,Control,Female,11%
B38814,7,237.3,Control,Female,11%
B38814,8,248.2,Control,Female,11%
B38814,9,249,Control,Female,11%
B38814,10,245.7,Control,Female,11%
B38814,11,254.8,Control,Female,11%
B38814,12,258.5,Control,Female,11%
B38814,13,261.6,Control,Female,11%
B38814,14,258.9,Control,Female,11%
B38815,1,155.4,Control,Female,11%
B38815,2,169.7,Control,Female,11%
B38815,3,194.3,Control,Female,11%
B38815,4,205.8,Control,Female,11%
B38815,5,206.2,Control,Female,11%
B38815,6,219.2,Control,Female,11%
B38815,7,229.8,Control,Female,11%
B38815,8,235.5,Control,Female,11%
B38815,9,238.7,Control,Female,11%
B38815,10,253.1,Control,Female,11%
B38815,11,258.5,Control,Female,11%
B38815,12,250.9,Control,Female,11%
B38815,13,251.3,Control,Female,11%
B38815,14,256.7,Control,Female,11%
B38816,1,147.9,Control,Female,11%
B38816,2,166.5,Control,Female,11%
B38816,3,192.6,Control,Female,11%
B38816,4,208.2,Control,Female,11%
B38816,5,222.6,Control,Female,11%
B38816,6,231.5,Control,Female,11%
B38816,7,247,Control,Female,11%
B38816,8,255.2,Control,Female,11%
B38816,9,271.1,Control,Female,11%
B38816,10,276.1,Control,Female,11%
B38816,11,284.1,Control,Female,11%
B38816,12,280.2,Control,Female,11%
B38816,13,282,Control,Female,11%
B38816,14,292.7,Control,Female,11%
B38817,1,156.3,Control,Female,11%
B38817,2,170.1,Control,Female,11%
B38817,3,191.8,Control,Female,11%
B38817,4,198.9,Control,Female,11%
B38817,5,209,Control,Female,11%
B38817,6,220.6,Control,Female,11%
B38817,7,228.8,Control,Female,11%
B38817,8,236.1,Control,Female,11%
B38817,9,239.9,Control,Female,11%
B38817,10,246.9,Control,Female,11%
B38817,11,247.2,Control,Female,11%
B38817,12,244.8,Control,Female,11%
B38817,13,252.9,Control,Female,11%
B38817,14,251.2,Control,Female,11%
B38818,1,148.8,Control,Female,11%
B38818,2,169.3,Control,Female,11%
B38818,3,198.4,Control,Female,11%
B38818,4,200.3,Control,Female,11%
B38818,5,222.4,Control,Female,11%
B38818,6,235.4,Control,Female,11%
B38818,7,238.1,Control,Female,11%
B38818,8,230.8,Control,Female,11%
B38818,9,248.4,Control,Female,11%
B38818,10,255.6,Control,Female,11%
B38818,11,257.4,Control,Female,11%
B38818,12,247.8,Control,Female,11%
B38818,13,269.7,Control,Female,11%
B38818,14,271.5,Control,Female,11%
B38819,1,153.8,Control,Female,11%
B38819,2,171.4,Control,Female,11%
B38819,3,189.3,Control,Female,11%
B38819,4,204.3,Control,Female,11%
B38819,5,216.6,Control,Female,11%
B38819,6,225.6,Control,Female,11%
B38819,7,234.5,Control,Female,11%
B38819,8,247.3,Control,Female,11%
B38819,9,249.8,Control,Female,11%
B38819,10,257.3,Control,Female,11%
B38819,11,253.3,Control,Female,11%
B38819,12,266.2,Control,Female,11%
B38819,13,272.2,Control,Female,11%
B38819,14,263.1,Control,Female,11%
B38820,1,150.3,Control,Female,11%
B38820,2,162.5,Control,Female,11%
B38820,3,186.2,Control,Female,11%
B38820,4,197,Control,Female,11%
B38820,5,203.2,Control,Female,11%
B38820,6,217.8,Control,Female,11%
B38820,7,230.2,Control,Female,11%
B38820,8,238.4,Control,Female,11%
B38820,9,242.1,Control,Female,11%
B38820,10,253.9,Control,Female,11%
B38820,11,258.1,Control,Female,11%
B38820,12,259.6,Control,Female,11%
B38820,13,258.9,Control,Female,11%
B38820,14,264.1,Control,Female,11%
B38821,1,155.9,Control,Female,11%
B38821,2,180.5,Control,Female,11%
B38821,3,211.5,Control,Female,11%
B38821,4,224.4,Control,Female,11%
B38821,5,240.8,Control,Female,11%
B38821,6,247.3,Control,Female,11%
B38821,7,260,Control,Female,11%
B38821,8,272.5,Control,Female,11%
B38821,9,274.7,Control,Female,11%
B38821,10,289.7,Control,Female,11%
B38821,11,287,Control,Female,11%
B38821,12,300.1,Control,Female,11%
B38821,13,293.8,Control,Female,11%
B38821,14,303.7,Control,Female,11%
B38842,1,149.7,GMO,Female,11%
B38842,2,167,GMO,Female,11%
B38842,3,198.8,GMO,Female,11%
B38842,4,196.9,GMO,Female,11%
B38842,5,209.3,GMO,Female,11%
B38842,6,214.6,GMO,Female,11%
B38842,7,233.2,GMO,Female,11%
B38842,8,243.3,GMO,Female,11%
B38842,9,252.3,GMO,Female,11%
B38842,10,259,GMO,Female,11%
B38842,11,262.2,GMO,Female,11%
B38842,12,268,GMO,Female,11%
B38842,13,270.1,GMO,Female,11%
B38842,14,274.9,GMO,Female,11%
B38843,1,157.5,GMO,Female,11%
B38843,2,173.9,GMO,Female,11%
B38843,3,193.7,GMO,Female,11%
B38843,4,200.4,GMO,Female,11%
B38843,5,211.6,GMO,Female,11%
B38843,6,218.2,GMO,Female,11%
B38843,7,229,GMO,Female,11%
B38843,8,239.4,GMO,Female,11%
B38843,9,245.3,GMO,Female,11%
B38843,10,252.1,GMO,Female,11%
B38843,11,257.3,GMO,Female,11%
B38843,12,249.1,GMO,Female,11%
B38843,13,257.6,GMO,Female,11%
B38843,14,259,GMO,Female,11%
B38844,1,172.3,GMO,Female,11%
B38844,2,190.6,GMO,Female,11%
B38844,3,220.9,GMO,Female,11%
B38844,4,240.3,GMO,Female,11%
B38844,5,250.3,GMO,Female,11%
B38844,6,252.9,GMO,Female,11%
B38844,7,271.9,GMO,Female,11%
B38844,8,285.2,GMO,Female,11%
B38844,9,287.1,GMO,Female,11%
B38844,10,286.6,GMO,Female,11%
B38844,11,301.3,GMO,Female,11%
B38844,12,298.8,GMO,Female,11%
B38844,13,308.4,GMO,Female,11%
B38844,14,303.1,GMO,Female,11%
B38845,1,157.8,GMO,Female,11%
B38845,2,168.3,GMO,Female,11%
B38845,3,194.4,GMO,Female,11%
B38845,4,203.8,GMO,Female,11%
B38845,5,218.5,GMO,Female,11%
B38845,6,216.3,GMO,Female,11%
B38845,7,234.6,GMO,Female,11%
B38845,8,233.8,GMO,Female,11%
B38845,9,247.3,GMO,Female,11%
B38845,10,243.5,GMO,Female,11%
B38845,11,247.1,GMO,Female,11%
B38845,12,249.8,GMO,Female,11%
B38845,13,246,GMO,Female,11%
B38845,14,259.3,GMO,Female,11%
B38846,1,146.4,GMO,Female,11%
B38846,2,169.5,GMO,Female,11%
B38846,3,192.4,GMO,Female,11%
B38846,4,203.2,GMO,Female,11%
B38846,5,220.3,GMO,Female,11%
B38846,6,221,GMO,Female,11%
B38846,7,232.4,GMO,Female,11%
B38846,8,240.4,GMO,Female,11%
B38846,9,249.4,GMO,Female,11%
B38846,10,251.4,GMO,Female,11%
B38846,11,255.4,GMO,Female,11%
B38846,12,258.5,GMO,Female,11%
B38846,13,271,GMO,Female,11%
B38846,14,265,GMO,Female,11%
B38847,1,165.9,GMO,Female,11%
B38847,2,192.4,GMO,Female,11%
B38847,3,217.3,GMO,Female,11%
B38847,4,221.7,GMO,Female,11%
B38847,5,237.7,GMO,Female,11%
B38847,6,234.4,GMO,Female,11%
B38847,7,255.5,GMO,Female,11%
B38847,8,267.7,GMO,Female,11%
B38847,9,268.2,GMO,Female,11%
B38847,10,272.2,GMO,Female,11%
B38847,11,274.5,GMO,Female,11%
B38847,12,285.1,GMO,Female,11%
B38847,13,289.7,GMO,Female,11%
B38847,14,290.4,GMO,Female,11%
B38848,1,144.3,GMO,Female,11%
B38848,2,156.6,GMO,Female,11%
B38848,3,175.3,GMO,Female,11%
B38848,4,190.3,GMO,Female,11%
B38848,5,194.8,GMO,Female,11%
B38848,6,202.3,GMO,Female,11%
B38848,7,216,GMO,Female,11%
B38848,8,221.1,GMO,Female,11%
B38848,9,233.2,GMO,Female,11%
B38848,10,235.7,GMO,Female,11%
B38848,11,233.6,GMO,Female,11%
B38848,12,242.8,GMO,Female,11%
B38848,13,259.8,GMO,Female,11%
B38848,14,259.2,GMO,Female,11%
B38849,1,174.2,GMO,Female,11%
B38849,2,195.5,GMO,Female,11%
B38849,3,220.7,GMO,Female,11%
B38849,4,235.2,GMO,Female,11%
B38849,5,251.6,GMO,Female,11%
B38849,6,258.2,GMO,Female,11%
B38849,7,279.7,GMO,Female,11%
B38849,8,284,GMO,Female,11%
B38849,9,286.4,GMO,Female,11%
B38849,10,303.4,GMO,Female,11%
B38849,11,310.2,GMO,Female,11%
B38849,12,306.4,GMO,Female,11%
B38849,13,306.6,GMO,Female,11%
B38849,14,314.6,GMO,Female,11%
B38850,1,177.8,GMO,Female,11%
B38850,2,204.4,GMO,Female,11%
B38850,3,230.3,GMO,Female,11%
B38850,4,245.7,GMO,Female,11%
B38850,5,250.1,GMO,Female,11%
B38850,6,265.6,GMO,Female,11%
B38850,7,282,GMO,Female,11%
B38850,8,285.2,GMO,Female,11%
B38850,9,288.9,GMO,Female,11%
B38850,10,294.5,GMO,Female,11%
B38850,11,306.1,GMO,Female,11%
B38850,12,305.5,GMO,Female,11%
B38850,13,309.7,GMO,Female,11%
B38850,14,313.6,GMO,Female,11%
B38851,1,174.6,GMO,Female,11%
B38851,2,193.6,GMO,Female,11%
B38851,3,215.8,GMO,Female,11%
B38851,4,228.5,GMO,Female,11%
B38851,5,241.7,GMO,Female,11%
B38851,6,248.5,GMO,Female,11%
B38851,7,254.2,GMO,Female,11%
B38851,8,267.8,GMO,Female,11%
B38851,9,279.5,GMO,Female,11%
B38851,10,256.2,GMO,Female,11%
B38851,11,263.1,GMO,Female,11%
B38851,12,273.9,GMO,Female,11%
B38851,13,293.4,GMO,Female,11%
B38851,14,298.4,GMO,Female,11%
B38852,1,168.2,GMO,Female,11%
B38852,2,196.2,GMO,Female,11%
B38852,3,222.3,GMO,Female,11%
B38852,4,228.7,GMO,Female,11%
B38852,5,235.5,GMO,Female,11%
B38852,6,253.8,GMO,Female,11%
B38852,7,266.7,GMO,Female,11%
B38852,8,270.8,GMO,Female,11%
B38852,9,268.7,GMO,Female,11%
B38852,10,277.3,GMO,Female,11%
B38852,11,280.8,GMO,Female,11%
B38852,12,277.6,GMO,Female,11%
B38852,13,280,GMO,Female,11%
B38852,14,297.1,GMO,Female,11%
B38853,1,161.9,GMO,Female,11%
B38853,2,182.1,GMO,Female,11%
B38853,3,198.2,GMO,Female,11%
B38853,4,209.3,GMO,Female,11%
B38853,5,226.8,GMO,Female,11%
B38853,6,239.9,GMO,Female,11%
B38853,7,251.3,GMO,Female,11%
B38853,8,252.2,GMO,Female,11%
B38853,9,261.4,GMO,Female,11%
B38853,10,270.1,GMO,Female,11%
B38853,11,269.7,GMO,Female,11%
B38853,12,274.5,GMO,Female,11%
B38853,13,280.7,GMO,Female,11%
B38853,14,282.2,GMO,Female,11%
B38854,1,134.9,GMO,Female,11%
B38854,2,156.9,GMO,Female,11%
B38854,3,180,GMO,Female,11%
B38854,4,196.4,GMO,Female,11%
B38854,5,211.7,GMO,Female,11%
B38854,6,229.4,GMO,Female,11%
B38854,7,239,GMO,Female,11%
B38854,8,241.4,GMO,Female,11%
B38854,9,253.3,GMO,Female,11%
B38854,10,259.7,GMO,Female,11%
B38854,11,263.7,GMO,Female,11%
B38854,12,258.2,GMO,Female,11%
B38854,13,273,GMO,Female,11%
B38854,14,275.9,GMO,Female,11%
B38855,1,157.9,GMO,Female,11%
B38855,2,178.6,GMO,Female,11%
B38855,3,199.2,GMO,Female,11%
B38855,4,219,GMO,Female,11%
B38855,5,233.5,GMO,Female,11%
B38855,6,241.3,GMO,Female,11%
B38855,7,243.5,GMO,Female,11%
B38855,8,258.6,GMO,Female,11%
B38855,9,268,GMO,Female,11%
B38855,10,266.2,GMO,Female,11%
B38855,11,264,GMO,Female,11%
B38855,12,270.2,GMO,Female,11%
B38855,13,273.1,GMO,Female,11%
B38855,14,278.2,GMO,Female,11%
B38856,1,160.6,GMO,Female,11%
B38856,2,183.1,GMO,Female,11%
B38856,3,203.2,GMO,Female,11%
B38856,4,223.8,GMO,Female,11%
B38856,5,237.3,GMO,Female,11%
B38856,6,259.1,GMO,Female,11%
B38856,7,267.2,GMO,Female,11%
B38856,8,271.7,GMO,Female,11%
B38856,9,281.9,GMO,Female,11%
B38856,10,291.4,GMO,Female,11%
B38856,11,297.6,GMO,Female,11%
B38856,12,295.7,GMO,Female,11%
B38856,13,302.1,GMO,Female,11%
B38856,14,309.2,GMO,Female,11%
B38857,1,158.1,GMO,Female,11%
B38857,2,169.9,GMO,Female,11%
B38857,3,195.6,GMO,Female,11%
B38857,4,208.5,GMO,Female,11%
B38857,5,211.1,GMO,Female,11%
B38857,6,221,GMO,Female,11%
B38857,7,245.7,GMO,Female,11%
B38857,8,241.9,GMO,Female,11%
B38857,9,246.6,GMO,Female,11%
B38857,10,254.4,GMO,Female,11%
B38857,11,260,GMO,Female,11%
B38857,12,258.7,GMO,Female,11%
B38857,13,271,GMO,Female,11%
B38857,14,277.8,GMO,Female,11%
B38858,1,159,GMO,Female,11%
B38858,2,187,GMO,Female,11%
B38858,3,212.5,GMO,Female,11%
B38858,4,230.1,GMO,Female,11%
B38858,5,242.1,GMO,Female,11%
B38858,6,253.4,GMO,Female,11%
B38858,7,269.2,GMO,Female,11%
B38858,8,271.5,GMO,Female,11%
B38858,9,280.2,GMO,Female,11%
B38858,10,286.7,GMO,Female,11%
B38858,11,296.6,GMO,Female,11%
B38858,12,295.2,GMO,Female,11%
B38858,13,312.7,GMO,Female,11%
B38858,14,312.4,GMO,Female,11%
B38859,1,145.7,GMO,Female,11%
B38859,2,164.1,GMO,Female,11%
B38859,3,190.2,GMO,Female,11%
B38859,4,208.8,GMO,Female,11%
B38859,5,222.3,GMO,Female,11%
B38859,6,230.2,GMO,Female,11%
B38859,7,247.4,GMO,Female,11%
B38859,8,254.2,GMO,Female,11%
B38859,9,257.6,GMO,Female,11%
B38859,10,254.2,GMO,Female,11%
B38859,11,267.4,GMO,Female,11%
B38859,12,269.2,GMO,Female,11%
B38859,13,270.9,GMO,Female,11%
B38859,14,267.8,GMO,Female,11%
B38860,1,154.7,GMO,Female,11%
B38860,2,174.2,GMO,Female,11%
B38860,3,194.1,GMO,Female,11%
B38860,4,207.7,GMO,Female,11%
B38860,5,222.9,GMO,Female,11%
B38860,6,230.8,GMO,Female,11%
B38860,7,243.9,GMO,Female,11%
B38860,8,245.8,GMO,Female,11%
B38860,9,258.4,GMO,Female,11%
B38860,10,261.5,GMO,Female,11%
B38860,11,270.8,GMO,Female,11%
B38860,12,271,GMO,Female,11%
B38860,13,285.8,GMO,Female,11%
B38860,14,282.8,GMO,Female,11%
B38861,1,157.9,GMO,Female,11%
B38861,2,183.1,GMO,Female,11%
B38861,3,208.8,GMO,Female,11%
B38861,4,225.3,GMO,Female,11%
B38861,5,241.1,GMO,Female,11%
B38861,6,250.4,GMO,Female,11%
B38861,7,261.4,GMO,Female,11%
B38861,8,258.2,GMO,Female,11%
B38861,9,276.2,GMO,Female,11%
B38861,10,279.8,GMO,Female,11%
B38861,11,286.5,GMO,Female,11%
B38861,12,292.1,GMO,Female,11%
B38861,13,289.1,GMO,Female,11%
B38861,14,301,GMO,Female,11%
B38822,1,150.3,Control,Female,33%
B38822,2,170.2,Control,Female,33%
B38822,3,184.1,Control,Female,33%
B38822,4,192.2,Control,Female,33%
B38822,5,200.6,Control,Female,33%
B38822,6,208.8,Control,Female,33%
B38822,7,220.3,Control,Female,33%
B38822,8,224.6,Control,Female,33%
B38822,9,228.8,Control,Female,33%
B38822,10,238,Control,Female,33%
B38822,11,238,Control,Female,33%
B38822,12,233.5,Control,Female,33%
B38822,13,243.7,Control,Female,33%
B38822,14,247.9,Control,Female,33%
B38823,1,161.6,Control,Female,33%
B38823,2,176.2,Control,Female,33%
B38823,3,201.8,Control,Female,33%
B38823,4,206.8,Control,Female,33%
B38823,5,221.5,Control,Female,33%
B38823,6,226.4,Control,Female,33%
B38823,7,250.4,Control,Female,33%
B38823,8,255.9,Control,Female,33%
B38823,9,261.3,Control,Female,33%
B38823,10,276.7,Control,Female,33%
B38823,11,278.1,Control,Female,33%
B38823,12,269.3,Control,Female,33%
B38823,13,276.3,Control,Female,33%
B38823,14,281,Control,Female,33%
B38824,1,166,Control,Female,33%
B38824,2,178.8,Control,Female,33%
B38824,3,212.2,Control,Female,33%
B38824,4,224.3,Control,Female,33%
B38824,5,237.5,Control,Female,33%
B38824,6,235.3,Control,Female,33%
B38824,7,261.2,Control,Female,33%
B38824,8,275.8,Control,Female,33%
B38824,9,274,Control,Female,33%
B38824,10,278.7,Control,Female,33%
B38824,11,289.6,Control,Female,33%
B38824,12,282.2,Control,Female,33%
B38824,13,285.6,Control,Female,33%
B38824,14,281.9,Control,Female,33%
B38825,1,157.7,Control,Female,33%
B38825,2,180.9,Control,Female,33%
B38825,3,207.9,Control,Female,33%
B38825,4,221.7,Control,Female,33%
B38825,5,233.6,Control,Female,33%
B38825,6,243.7,Control,Female,33%
B38825,7,254,Control,Female,33%
B38825,8,266.3,Control,Female,33%
B38825,9,266.9,Control,Female,33%
B38825,10,262.9,Control,Female,33%
B38825,11,276.4,Control,Female,33%
B38825,12,272.6,Control,Female,33%
B38825,13,285.3,Control,Female,33%
B38825,14,288,Control,Female,33%
B38826,1,156.6,Control,Female,33%
B38826,2,177.7,Control,Female,33%
B38826,3,209.6,Control,Female,33%
B38826,4,222.2,Control,Female,33%
B38826,5,233.3,Control,Female,33%
B38826,6,246.4,Control,Female,33%
B38826,7,262.9,Control,Female,33%
B38826,8,275.1,Control,Female,33%
B38826,9,273.5,Control,Female,33%
B38826,10,287.2,Control,Female,33%
B38826,11,286.8,Control,Female,33%
B38826,12,288.7,Control,Female,33%
B38826,13,291.4,Control,Female,33%
B38826,14,295,Control,Female,33%
B38827,1,174.3,Control,Female,33%
B38827,2,193.1,Control,Female,33%
B38827,3,217.3,Control,Female,33%
B38827,4,238.9,Control,Female,33%
B38827,5,252,Control,Female,33%
B38827,6,266.2,Control,Female,33%
B38827,7,268.8,Control,Female,33%
B38827,8,286.9,Control,Female,33%
B38827,9,264.3,Control,Female,33%
B38827,10,285.6,Control,Female,33%
B38827,11,289,Control,Female,33%
B38827,12,282.3,Control,Female,33%
B38827,13,308.5,Control,Female,33%
B38827,14,307.4,Control,Female,33%
B38828,1,153.9,Control,Female,33%
B38828,2,164.2,Control,Female,33%
B38828,3,188.9,Control,Female,33%
B38828,4,199.6,Control,Female,33%
B38828,5,208.1,Control,Female,33%
B38828,6,210,Control,Female,33%
B38828,7,234.3,Control,Female,33%
B38828,8,238.2,Control,Female,33%
B38828,9,239,Control,Female,33%
B38828,10,247.7,Control,Female,33%
B38828,11,249.8,Control,Female,33%
B38828,12,256.5,Control,Female,33%
B38828,13,261.6,Control,Female,33%
B38828,14,258.7,Control,Female,33%
B38829,1,155.5,Control,Female,33%
B38829,2,165.8,Control,Female,33%
B38829,3,195.7,Control,Female,33%
B38829,4,209,Control,Female,33%
B38829,5,222.1,Control,Female,33%
B38829,6,230.4,Control,Female,33%
B38829,7,241.4,Control,Female,33%
B38829,8,254,Control,Female,33%
B38829,9,264.5,Control,Female,33%
B38829,10,267,Control,Female,33%
B38829,11,259.5,Control,Female,33%
B38829,12,262.1,Control,Female,33%
B38829,13,267.6,Control,Female,33%
B38829,14,267,Control,Female,33%
B38830,1,149.4,Control,Female,33%
B38830,2,169.9,Control,Female,33%
B38830,3,195.8,Control,Female,33%
B38830,4,208.3,Control,Female,33%
B38830,5,218.2,Control,Female,33%
B38830,6,231.5,Control,Female,33%
B38830,7,247.2,Control,Female,33%
B38830,8,253.5,Control,Female,33%
B38830,9,251.6,Control,Female,33%
B38830,10,265.3,Control,Female,33%
B38830,11,269.4,Control,Female,33%
B38830,12,272.6,Control,Female,33%
B38830,13,279.1,Control,Female,33%
B38830,14,285.3,Control,Female,33%
B38831,1,152.5,Control,Female,33%
B38831,2,166.2,Control,Female,33%
B38831,3,188.6,Control,Female,33%
B38831,4,193.2,Control,Female,33%
B38831,5,206.5,Control,Female,33%
B38831,6,215.6,Control,Female,33%
B38831,7,230.7,Control,Female,33%
B38831,8,214.8,Control,Female,33%
B38831,9,233.6,Control,Female,33%
B38831,10,242.3,Control,Female,33%
B38831,11,244.1,Control,Female,33%
B38831,12,238.4,Control,Female,33%
B38831,13,255.2,Control,Female,33%
B38831,14,253.1,Control,Female,33%
B38832,1,159,Control,Female,33%
B38832,2,173.7,Control,Female,33%
B38832,3,191.5,Control,Female,33%
B38832,4,200.7,Control,Female,33%
B38832,5,212.4,Control,Female,33%
B38832,6,221.8,Control,Female,33%
B38832,7,234.8,Control,Female,33%
B38832,8,236.4,Control,Female,33%
B38832,9,240.6,Control,Female,33%
B38832,10,245.9,Control,Female,33%
B38832,11,245.7,Control,Female,33%
B38832,12,247.7,Control,Female,33%
B38832,13,252.5,Control,Female,33%
B38832,14,255.3,Control,Female,33%
B38833,1,145.9,Control,Female,33%
B38833,2,152,Control,Female,33%
B38833,3,181.3,Control,Female,33%
B38833,4,206.2,Control,Female,33%
B38833,5,217.6,Control,Female,33%
B38833,6,233.2,Control,Female,33%
B38833,7,254.5,Control,Female,33%
B38833,8,266.1,Control,Female,33%
B38833,9,267.2,Control,Female,33%
B38833,10,273.4,Control,Female,33%
B38833,11,277.4,Control,Female,33%
B38833,12,288.2,Control,Female,33%
B38833,13,300.5,Control,Female,33%
B38833,14,293.4,Control,Female,33%
B38834,1,153.5,Control,Female,33%
B38834,2,181.5,Control,Female,33%
B38834,3,194.3,Control,Female,33%
B38834,4,219.6,Control,Female,33%
B38834,5,225.7,Control,Female,33%
B38834,6,234,Control,Female,33%
B38834,7,246.8,Control,Female,33%
B38834,8,254.5,Control,Female,33%
B38834,9,254.4,Control,Female,33%
B38834,10,267.7,Control,Female,33%
B38834,11,270.2,Control,Female,33%
B38834,12,269.2,Control,Female,33%
B38834,13,272.4,Control,Female,33%
B38834,14,279.4,Control,Female,33%
B38835,1,160.1,Control,Female,33%
B38835,2,177.6,Control,Female,33%
B38835,3,185.2,Control,Female,33%
B38835,4,211.4,Control,Female,33%
B38835,5,212.7,Control,Female,33%
B38835,6,229.2,Control,Female,33%
B38835,7,238,Control,Female,33%
B38835,8,234.3,Control,Female,33%
B38835,9,250.7,Control,Female,33%
B38835,10,255.4,Control,Female,33%
B38835,11,267.5,Control,Female,33%
B38835,12,261.3,Control,Female,33%
B38835,13,276.4,Control,Female,33%
B38835,14,276.7,Control,Female,33%
B38836,1,160.5,Control,Female,33%
B38836,2,183.3,Control,Female,33%
B38836,3,203.9,Control,Female,33%
B38836,4,232.8,Control,Female,33%
B38836,5,246.5,Control,Female,33%
B38836,6,255.6,Control,Female,33%
B38836,7,274.7,Control,Female,33%
B38836,8,278.6,Control,Female,33%
B38836,9,293.8,Control,Female,33%
B38836,10,302.8,Control,Female,33%
B38836,11,307.3,Control,Female,33%
B38836,12,309.6,Control,Female,33%
B38836,13,307,Control,Female,33%
B38836,14,315.6,Control,Female,33%
B38837,1,135.3,Control,Female,33%
B38837,2,150.5,Control,Female,33%
B38837,3,183.2,Control,Female,33%
B38837,4,193.9,Control,Female,33%
B38837,5,203.3,Control,Female,33%
B38837,6,217.8,Control,Female,33%
B38837,7,225.7,Control,Female,33%
B38837,8,231.6,Control,Female,33%
B38837,9,229.7,Control,Female,33%
B38837,10,238.6,Control,Female,33%
B38837,11,244.2,Control,Female,33%
B38837,12,245.9,Control,Female,33%
B38837,13,247.2,Control,Female,33%
B38837,14,248.7,Control,Female,33%
B38838,1,162,Control,Female,33%
B38838,2,170.9,Control,Female,33%
B38838,3,186.1,Control,Female,33%
B38838,4,205.3,Control,Female,33%
B38838,5,220.6,Control,Female,33%
B38838,6,228,Control,Female,33%
B38838,7,234.3,Control,Female,33%
B38838,8,245.1,Control,Female,33%
B38838,9,254,Control,Female,33%
B38838,10,256.2,Control,Female,33%
B38838,11,263.2,Control,Female,33%
B38838,12,262,Control,Female,33%
B38838,13,270.6,Control,Female,33%
B38838,14,271.4,Control,Female,33%
B38839,1,151.9,Control,Female,33%
B38839,2,166.1,Control,Female,33%
B38839,3,194.1,Control,Female,33%
B38839,4,211.4,Control,Female,33%
B38839,5,220.4,Control,Female,33%
B38839,6,229.1,Control,Female,33%
B38839,7,246.1,Control,Female,33%
B38839,8,255.7,Control,Female,33%
B38839,9,255.6,Control,Female,33%
B38839,10,266.9,Control,Female,33%
B38839,11,270.6,Control,Female,33%
B38839,12,268.7,Control,Female,33%
B38839,13,271.3,Control,Female,33%
B38839,14,276.4,Control,Female,33%
B38840,1,172.8,Control,Female,33%
B38840,2,195.8,Control,Female,33%
B38840,3,220.3,Control,Female,33%
B38840,4,235.4,Control,Female,33%
B38840,5,245.5,Control,Female,33%
B38840,6,259.9,Control,Female,33%
B38840,7,276.6,Control,Female,33%
B38840,8,280.9,Control,Female,33%
B38840,9,282.1,Control,Female,33%
B38840,10,291,Control,Female,33%
B38840,11,296.8,Control,Female,33%
B38840,12,299.5,Control,Female,33%
B38840,13,305.7,Control,Female,33%
B38840,14,309.6,Control,Female,33%
B38841,1,147.1,Control,Female,33%
B38841,2,169.1,Control,Female,33%
B38841,3,196.1,Control,Female,33%
B38841,4,210,Control,Female,33%
B38841,5,217.6,Control,Female,33%
B38841,6,228.3,Control,Female,33%
B38841,7,241,Control,Female,33%
B38841,8,251.2,Control,Female,33%
B38841,9,248.8,Control,Female,33%
B38841,10,257.5,Control,Female,33%
B38841,11,263.6,Control,Female,33%
B38841,12,268.1,Control,Female,33%
B38841,13,270.8,Control,Female,33%
B38841,14,271.6,Control,Female,33%
B38862,1,178.8,GMO,Female,33%
B38862,2,198,GMO,Female,33%
B38862,3,225.6,GMO,Female,33%
B38862,4,243.9,GMO,Female,33%
B38862,5,252,GMO,Female,33%
B38862,6,265.2,GMO,Female,33%
B38862,7,282.5,GMO,Female,33%
B38862,8,293,GMO,Female,33%
B38862,9,302.8,GMO,Female,33%
B38862,10,311.7,GMO,Female,33%
B38862,11,325.3,GMO,Female,33%
B38862,12,326.6,GMO,Female,33%
B38862,13,330.2,GMO,Female,33%
B38862,14,337.6,GMO,Female,33%
B38863,1,142.1,GMO,Female,33%
B38863,2,159.9,GMO,Female,33%
B38863,3,169.5,GMO,Female,33%
B38863,4,175.6,GMO,Female,33%
B38863,5,193.7,GMO,Female,33%
B38863,6,185.6,GMO,Female,33%
B38863,7,206.2,GMO,Female,33%
B38863,8,201.1,GMO,Female,33%
B38863,9,221.4,GMO,Female,33%
B38863,10,219.9,GMO,Female,33%
B38863,11,227.6,GMO,Female,33%
B38863,12,227.8,GMO,Female,33%
B38863,13,236.9,GMO,Female,33%
B38863,14,239.3,GMO,Female,33%
B38864,1,167.6,GMO,Female,33%
B38864,2,195.3,GMO,Female,33%
B38864,3,221,GMO,Female,33%
B38864,4,236.1,GMO,Female,33%
B38864,5,250.4,GMO,Female,33%
B38864,6,259.9,GMO,Female,33%
B38864,7,278.6,GMO,Female,33%
B38864,8,285.6,GMO,Female,33%
B38864,9,293,GMO,Female,33%
B38864,10,305.9,GMO,Female,33%
B38864,11,310.5,GMO,Female,33%
B38864,12,314.3,GMO,Female,33%
B38864,13,319.2,GMO,Female,33%
B38864,14,318.1,GMO,Female,33%
B38865,1,145.6,GMO,Female,33%
B38865,2,162.5,GMO,Female,33%
B38865,3,181.7,GMO,Female,33%
B38865,4,184.3,GMO,Female,33%
B38865,5,201,GMO,Female,33%
B38865,6,206.6,GMO,Female,33%
B38865,7,207.3,GMO,Female,33%
B38865,8,221.2,GMO,Female,33%
B38865,9,225.9,GMO,Female,33%
B38865,10,234.1,GMO,Female,33%
B38865,11,235.5,GMO,Female,33%
B38865,12,233.9,GMO,Female,33%
B38865,13,241,GMO,Female,33%
B38865,14,245.6,GMO,Female,33%
B38866,1,170.4,GMO,Female,33%
B38866,2,186.6,GMO,Female,33%
B38866,3,208.7,GMO,Female,33%
B38866,4,223.7,GMO,Female,33%
B38866,5,251.4,GMO,Female,33%
B38866,6,259.3,GMO,Female,33%
B38866,7,280.1,GMO,Female,33%
B38866,8,279.5,GMO,Female,33%
B38866,9,302.4,GMO,Female,33%
B38866,10,314.9,GMO,Female,33%
B38866,11,322.9,GMO,Female,33%
B38866,12,318.2,GMO,Female,33%
B38866,13,336.3,GMO,Female,33%
B38866,14,344,GMO,Female,33%
B38867,1,167.1,GMO,Female,33%
B38867,2,178.8,GMO,Female,33%
B38867,3,209.1,GMO,Female,33%
B38867,4,209.4,GMO,Female,33%
B38867,5,230.8,GMO,Female,33%
B38867,6,239.1,GMO,Female,33%
B38867,7,258,GMO,Female,33%
B38867,8,261.5,GMO,Female,33%
B38867,9,270.5,GMO,Female,33%
B38867,10,282.4,GMO,Female,33%
B38867,11,281.9,GMO,Female,33%
B38867,12,286.5,GMO,Female,33%
B38867,13,285,GMO,Female,33%
B38867,14,297.7,GMO,Female,33%
B38868,1,170,GMO,Female,33%
B38868,2,191.7,GMO,Female,33%
B38868,3,212.1,GMO,Female,33%
B38868,4,236.3,GMO,Female,33%
B38868,5,233.8,GMO,Female,33%
B38868,6,249.2,GMO,Female,33%
B38868,7,275,GMO,Female,33%
B38868,8,257.6,GMO,Female,33%
B38868,9,273.1,GMO,Female,33%
B38868,10,281.8,GMO,Female,33%
B38868,11,279.6,GMO,Female,33%
B38868,12,285.1,GMO,Female,33%
B38868,13,286.2,GMO,Female,33%
B38868,14,295.6,GMO,Female,33%
B38869,1,150.6,GMO,Female,33%
B38869,2,164.9,GMO,Female,33%
B38869,3,181.1,GMO,Female,33%
B38869,4,193.7,GMO,Female,33%
B38869,5,210.9,GMO,Female,33%
B38869,6,213.4,GMO,Female,33%
B38869,7,235.8,GMO,Female,33%
B38869,8,243.1,GMO,Female,33%
B38869,9,254.2,GMO,Female,33%
B38869,10,262.9,GMO,Female,33%
B38869,11,254.5,GMO,Female,33%
B38869,12,264.5,GMO,Female,33%
B38869,13,270.1,GMO,Female,33%
B38869,14,270.3,GMO,Female,33%
B38870,1,163.3,GMO,Female,33%
B38870,2,185.2,GMO,Female,33%
B38870,3,210.5,GMO,Female,33%
B38870,4,227.2,GMO,Female,33%
B38870,5,239,GMO,Female,33%
B38870,6,246.6,GMO,Female,33%
B38870,7,252.7,GMO,Female,33%
B38870,8,266.4,GMO,Female,33%
B38870,9,268.8,GMO,Female,33%
B38870,10,275.8,GMO,Female,33%
B38870,11,285.2,GMO,Female,33%
B38870,12,278.8,GMO,Female,33%
B38870,13,305.3,GMO,Female,33%
B38870,14,305.9,GMO,Female,33%
B38871,1,154,GMO,Female,33%
B38871,2,177.4,GMO,Female,33%
B38871,3,190.9,GMO,Female,33%
B38871,4,210,GMO,Female,33%
B38871,5,222.7,GMO,Female,33%
B38871,6,232.7,GMO,Female,33%
B38871,7,238.3,GMO,Female,33%
B38871,8,247.6,GMO,Female,33%
B38871,9,255.2,GMO,Female,33%
B38871,10,255.3,GMO,Female,33%
B38871,11,255.2,GMO,Female,33%
B38871,12,260.3,GMO,Female,33%
B38871,13,265.7,GMO,Female,33%
B38871,14,271.2,GMO,Female,33%
B38872,1,165.5,GMO,Female,33%
B38872,2,175.4,GMO,Female,33%
B38872,3,198.2,GMO,Female,33%
B38872,4,211,GMO,Female,33%
B38872,5,224.5,GMO,Female,33%
B38872,6,236.9,GMO,Female,33%
B38872,7,246.8,GMO,Female,33%
B38872,8,257.7,GMO,Female,33%
B38872,9,254,GMO,Female,33%
B38872,10,263.3,GMO,Female,33%
B38872,11,265.1,GMO,Female,33%
B38872,12,273.3,GMO,Female,33%
B38872,13,272.1,GMO,Female,33%
B38872,14,276.1,GMO,Female,33%
B38873,1,167.6,GMO,Female,33%
B38873,2,191.3,GMO,Female,33%
B38873,3,223.1,GMO,Female,33%
B38873,4,241.6,GMO,Female,33%
B38873,5,251.9,GMO,Female,33%
B38873,6,276.3,GMO,Female,33%
B38873,7,277.8,GMO,Female,33%
B38873,8,296.5,GMO,Female,33%
B38873,9,303.6,GMO,Female,33%
B38873,10,321.1,GMO,Female,33%
B38873,11,329,GMO,Female,33%
B38873,12,312,GMO,Female,33%
B38873,13,339.7,GMO,Female,33%
B38873,14,329.7,GMO,Female,33%
B38874,1,153.7,GMO,Female,33%
B38874,2,172,GMO,Female,33%
B38874,3,194.9,GMO,Female,33%
B38874,4,206.7,GMO,Female,33%
B38874,5,220.1,GMO,Female,33%
B38874,6,220.4,GMO,Female,33%
B38874,7,238.8,GMO,Female,33%
B38874,8,247.3,GMO,Female,33%
B38874,9,247.9,GMO,Female,33%
B38874,10,256.3,GMO,Female,33%
B38874,11,259.4,GMO,Female,33%
B38874,12,255.1,GMO,Female,33%
B38874,13,265.6,GMO,Female,33%
B38874,14,270.7,GMO,Female,33%
B38875,1,146.5,GMO,Female,33%
B38875,2,163.9,GMO,Female,33%
B38875,3,182.5,GMO,Female,33%
B38875,4,192.8,GMO,Female,33%
B38875,5,209.7,GMO,Female,33%
B38875,6,215.5,GMO,Female,33%
B38875,7,229.6,GMO,Female,33%
B38875,8,239,GMO,Female,33%
B38875,9,239,GMO,Female,33%
B38875,10,240.5,GMO,Female,33%
B38875,11,253.1,GMO,Female,33%
B38875,12,253.2,GMO,Female,33%
B38875,13,260.6,GMO,Female,33%
B38875,14,264.8,GMO,Female,33%
B38876,1,170.4,GMO,Female,33%
B38876,2,190.8,GMO,Female,33%
B38876,3,208.3,GMO,Female,33%
B38876,4,222.5,GMO,Female,33%
B38876,5,245.3,GMO,Female,33%
B38876,6,261,GMO,Female,33%
B38876,7,270.2,GMO,Female,33%
B38876,8,275.6,GMO,Female,33%
B38876,9,285,GMO,Female,33%
B38876,10,298.1,GMO,Female,33%
B38876,11,295.7,GMO,Female,33%
B38876,12,299.8,GMO,Female,33%
B38876,13,313.1,GMO,Female,33%
B38876,14,314.1,GMO,Female,33%
B38877,1,167.7,GMO,Female,33%
B38877,2,177.3,GMO,Female,33%
B38877,3,197.1,GMO,Female,33%
B38877,4,203.3,GMO,Female,33%
B38877,5,218.1,GMO,Female,33%
B38877,6,222.9,GMO,Female,33%
B38877,7,238.7,GMO,Female,33%
B38877,8,244.3,GMO,Female,33%
B38877,9,251.4,GMO,Female,33%
B38877,10,253.5,GMO,Female,33%
B38877,11,260.5,GMO,Female,33%
B38877,12,260.3,GMO,Female,33%
B38877,13,274.3,GMO,Female,33%
B38877,14,268.1,GMO,Female,33%
B38878,1,148.4,GMO,Female,33%
B38878,2,172,GMO,Female,33%
B38878,3,189.8,GMO,Female,33%
B38878,4,206.9,GMO,Female,33%
B38878,5,214.7,GMO,Female,33%
B38878,6,221,GMO,Female,33%
B38878,7,219.9,GMO,Female,33%
B38878,8,235.4,GMO,Female,33%
B38878,9,230,GMO,Female,33%
B38878,10,242,GMO,Female,33%
B38878,11,239.8,GMO,Female,33%
B38878,12,243.7,GMO,Female,33%
B38878,13,253.9,GMO,Female,33%
B38878,14,245.2,GMO,Female,33%
B38879,1,176.1,GMO,Female,33%
B38879,2,194.9,GMO,Female,33%
B38879,3,214.2,GMO,Female,33%
B38879,4,233,GMO,Female,33%
B38879,5,246.7,GMO,Female,33%
B38879,6,248.2,GMO,Female,33%
B38879,7,257.9,GMO,Female,33%
B38879,8,268.1,GMO,Female,33%
B38879,9,275.6,GMO,Female,33%
B38879,10,279.9,GMO,Female,33%
B38879,11,282.3,GMO,Female,33%
B38879,12,287.4,GMO,Female,33%
B38879,13,294.7,GMO,Female,33%
B38879,14,293.9,GMO,Female,33%
B38880,1,149.4,GMO,Female,33%
B38880,2,175.5,GMO,Female,33%
B38880,3,195.5,GMO,Female,33%
B38880,4,222.6,GMO,Female,33%
B38880,5,225.5,GMO,Female,33%
B38880,6,238.5,GMO,Female,33%
B38880,7,245.1,GMO,Female,33%
B38880,8,248,GMO,Female,33%
B38880,9,255.8,GMO,Female,33%
B38880,10,260.8,GMO,Female,33%
B38880,11,269.1,GMO,Female,33%
B38880,12,269.2,GMO,Female,33%
B38880,13,271.9,GMO,Female,33%
B38880,14,278.5,GMO,Female,33%
B38881,1,159,GMO,Female,33%
B38881,2,178.9,GMO,Female,33%
B38881,3,206.3,GMO,Female,33%
B38881,4,217.2,GMO,Female,33%
B38881,5,233.4,GMO,Female,33%
B38881,6,250.6,GMO,Female,33%
B38881,7,265.5,GMO,Female,33%
B38881,8,270.6,GMO,Female,33%
B38881,9,277.2,GMO,Female,33%
B38881,10,287,GMO,Female,33%
B38881,11,287.4,GMO,Female,33%
B38881,12,295.9,GMO,Female,33%
B38881,13,296.9,GMO,Female,33%
B38881,14,304.6,GMO,Female,33%
